date,open,close
2019/12/31,8918.74,8972.6
2019/12/30,9004.45,8945.99
2019/12/27,9049.47,9006.62
2019/12/26,8970.21,9022.39
2019/12/24,8955.01,8952.88
2019/12/23,8950.2,8945.65
2019/12/20,8911.84,8924.96
2019/12/19,8838.97,8887.22
2019/12/18,8834.65,8827.73
2019/12/17,8829.47,8823.36
2019/12/16,8791.31,8814.23
2019/12/13,8713.91,8734.88
2019/12/12,8645.36,8717.32
2019/12/11,8631.12,8654.05
2019/12/10,8623.56,8616.18
2019/12/9,8650.86,8621.83
2019/12/6,8634.25,8656.53
2019/12/5,8587.93,8570.7
2019/12/4,8557.45,8566.67
2019/12/3,8460.72,8520.64
2019/12/2,8672.84,8567.99
2019/11/29,8682.01,8665.47
2019/11/27,8669.59,8705.18
2019/11/26,8635.4,8647.93
2019/11/25,8559.65,8632.49
2019/11/22,8530.54,8519.88
2019/11/21,8527.87,8506.21
2019/11/20,8543.57,8526.73
2019/11/19,8578.02,8570.66
2019/11/18,8529.16,8549.94
2019/11/15,8524.48,8540.83
2019/11/14,8461.06,8479.02
2019/11/13,8455.02,8482.1
2019/11/12,8471.07,8486.09
2019/11/11,8431.26,8464.28
2019/11/8,8422.67,8475.31
2019/11/7,8455.11,8434.52
2019/11/6,8426.57,8410.63
2019/11/5,8446.62,8434.68
2019/11/4,8445.5,8433.2
2019/11/1,8335.05,8386.4
2019/10/31,8314.38,8292.36
2019/10/30,8284.28,8303.98
2019/10/29,8313.35,8276.85
2019/10/28,8285.77,8325.99
2019/10/25,8150.59,8243.12
2019/10/24,8180.04,8185.8
2019/10/23,8090.24,8119.79
2019/10/22,8188.12,8104.3
2019/10/21,8137.42,8162.99
2019/10/18,8149.85,8089.54
2019/10/17,8176.91,8156.85
2019/10/16,8119.81,8124.18
2019/10/15,8074.85,8148.71
2019/10/14,8044.35,8048.65
2019/10/11,8085.2,8057.04
2019/10/10,7904.56,7950.78
2019/10/9,7895.96,7903.74
2019/10/8,7898.27,7823.78
2019/10/7,7956.41,7956.29
2019/10/4,7908.44,7982.47
2019/10/3,7787.02,7872.26
2019/10/2,7851.13,7785.25
2019/10/1,8026.83,7908.68
2019/9/30,7964.09,7999.34
2019/9/27,8047.11,7939.63
2019/9/26,8070.12,8030.66
2019/9/25,7990.66,8077.38
2019/9/24,8147.23,7993.63
2019/9/23,8106.49,8112.46
2019/9/20,8184.88,8117.67
2019/9/19,8193.59,8182.88
2019/9/18,8174.62,8177.39
2019/9/17,8148.65,8186.02
2019/9/16,8121.64,8153.54
2019/9/13,8190.57,8176.71
2019/9/12,8206.58,8194.47
2019/9/11,8091.68,8169.68
2019/9/10,8049.98,8084.16
2019/9/9,8130.91,8087.44
2019/9/6,8125.58,8103.07
2019/9/5,8061.29,8116.83
2019/9/4,7949.81,7976.88
2019/9/3,7906.44,7874.16
2019/8/30,8015.16,7962.88
2019/8/29,7945.78,7973.39
2019/8/28,7798.35,7856.88
2019/8/27,7908.78,7826.95
2019/8/26,7829.58,7853.74
2019/8/23,7943.65,7751.77
2019/8/22,8038.79,7991.39
2019/8/21,8017.07,8020.21
2019/8/20,7989.36,7948.56
2019/8/19,8006.18,8002.81
2019/8/16,7828.35,7895.99
2019/8/15,7790.2,7766.62
2019/8/14,7877.33,7773.94
2019/8/13,7852.37,8016.36
2019/8/12,7907.49,7863.41
2019/8/9,7997.19,7959.14
2019/8/8,7921.59,8039.16
2019/8/7,7747.27,7862.83
2019/8/6,7804.51,7833.27
2019/8/5,7823.33,7726.04
2019/8/2,8056.42,8004.07
2019/8/1,8190.56,8111.12
2019/7/31,8290.8,8175.42
2019/7/30,8231.77,8273.61
2019/7/29,8325.1,8293.33
2019/7/26,8294.3,8330.21
2019/7/25,8294.68,8238.54
2019/7/24,8227.36,8321.5
2019/7/23,8242.5,8251.4
2019/7/22,8171.99,8204.14
2019/7/19,8241.34,8146.49
2019/7/18,8151.76,8207.24
2019/7/17,8224,8185.21
2019/7/16,8251.66,8222.8
2019/7/15,8263.18,8258.19
2019/7/12,8209.2,8244.14
2019/7/11,8219.28,8196.04
2019/7/10,8183.19,8202.53
2019/7/9,8061.41,8141.73
2019/7/8,8112.91,8098.38
2019/7/5,8123.28,8161.79
2019/7/3,8129.57,8170.23
2019/7/2,8086.65,8109.09
2019/7/1,8145.85,8091.16
2019/6/28,7988.76,8006.24
2019/6/27,7939.36,7967.76
2019/6/26,7933.92,7909.97
2019/6/25,8005.27,7884.72
2019/6/24,8040.58,8005.7
2019/6/21,8028.69,8031.71
2019/6/20,8087.45,8051.34
2019/6/19,7970.26,7987.32
2019/6/18,7920.98,7953.88
2019/6/17,7819.43,7845.02
2019/6/14,7807.19,7796.66
2019/6/13,7822.56,7837.13
2019/6/12,7803.13,7792.72
2019/6/11,7901.04,7822.57
2019/6/10,7798.87,7823.17
2019/6/7,7652.97,7742.1
2019/6/6,7582.24,7615.55
2019/6/5,7585.68,7575.48
2019/6/4,7413.94,7527.12
2019/6/3,7441.21,7333.02
2019/5/31,7470.95,7453.15
2019/5/30,7565.46,7567.72
2019/5/29,7553.02,7547.31
2019/5/28,7655.66,7607.35
2019/5/24,7675.57,7637.01
2019/5/23,7660.72,7628.28
2019/5/22,7749.8,7750.84
2019/5/21,7765.57,7785.72
2019/5/20,7714.06,7702.38
2019/5/17,7829.03,7816.28
2019/5/16,7832.58,7898.05
2019/5/15,7682.8,7822.15
2019/5/14,7689.66,7734.49
2019/5/13,7720.07,7647.02
2019/5/10,7881.31,7916.94
2019/5/9,7853.21,7910.59
2019/5/8,7946.24,7943.32
2019/5/7,8043.52,7963.76
2019/5/6,7981.85,8123.29
2019/5/3,8092.88,8164
2019/5/2,8046.48,8036.77
2019/5/1,8132.93,8049.64
2019/4/30,8104.91,8095.39
2019/4/29,8147.65,8161.85
2019/4/26,8100.28,8146.4
2019/4/25,8150.85,8118.68
2019/4/24,8122.88,8102.01
2019/4/23,8026.75,8120.82
2019/4/22,7969.37,8015.27
2019/4/18,7998.45,7998.06
2019/4/17,8044.97,7996.08
2019/4/16,8000.57,8000.23
2019/4/15,7987.16,7976.01
2019/4/12,7984.15,7984.16
2019/4/11,7975.2,7947.36
2019/4/10,7922.73,7964.24
2019/4/9,7924.77,7909.28
2019/4/8,7924.89,7953.88
2019/4/5,7914.51,7938.69
2019/4/4,7894.26,7891.78
2019/4/3,7891.18,7895.55
2019/4/2,7824.61,7848.69
2019/4/1,7800.24,7828.91
2019/3/29,7726.71,7729.32
2019/3/28,7660.07,7669.17
2019/3/27,7702.05,7643.38
2019/3/26,7700,7691.52
2019/3/25,7618.98,7637.54
2019/3/22,7800.25,7642.67
2019/3/21,7705.43,7838.96
2019/3/20,7721.95,7728.97
2019/3/19,7747.4,7723.95
2019/3/18,7696.38,7714.48
2019/3/15,7658.41,7688.53
2019/3/14,7644.79,7630.91
2019/3/13,7621.38,7643.41
2019/3/12,7571.85,7591.03
2019/3/11,7442.56,7558.06
2019/3/8,7334.35,7408.14
2019/3/7,7483.79,7421.46
2019/3/6,7575.38,7505.92
2019/3/5,7582.29,7576.36
2019/3/4,7636.62,7577.57
2019/3/1,7587.45,7595.35
2019/2/28,7533.31,7532.53
2019/2/27,7526.42,7554.51
2019/2/26,7535.29,7549.3
2019/2/25,7585.3,7554.46
2019/2/22,7481.63,7527.54
2019/2/21,7475.41,7459.71
2019/2/20,7490.31,7489.07
2019/2/19,7450.75,7486.77
2019/2/15,7468.57,7472.41
2019/2/14,7390.25,7426.95
2019/2/13,7437.46,7420.38
2019/2/12,7358.85,7414.62
2019/2/11,7327.37,7307.9
2019/2/8,7232.3,7298.2
2019/2/7,7316.5,7288.35
2019/2/6,7400.44,7375.28
2019/2/5,7356.34,7402.08
2019/2/4,7266.28,7347.54
2019/2/1,7256.37,7263.87
2019/1/31,7208.17,7281.74
2019/1/30,7094.79,7183.08
2019/1/29,7087.49,7028.29
2019/1/28,7075.01,7085.68
2019/1/25,7128.18,7164.86
2019/1/24,7042.25,7073.46
2019/1/23,7061.65,7025.77
2019/1/22,7109.57,7020.36
2019/1/18,7134.09,7157.23
2019/1/17,7010.13,7084.46
2019/1/16,7033.75,7034.69
2019/1/15,6931.39,7023.83
2019/1/14,6908.03,6905.92
2019/1/11,6947.46,6971.48
2019/1/10,6908.65,6986.07
2019/1/9,6923.06,6957.08
2019/1/8,6893.44,6897
2019/1/7,6757.53,6823.47
2019/1/4,6567.14,6738.86
2019/1/3,6584.77,6463.5
2019/1/2,6506.91,6665.94
2018/12/31,6649.52,6635.28
2018/12/28,6616.79,6584.52
2018/12/27,6457.19,6579.49
2018/12/26,6257.86,6554.36
2018/12/24,6278.49,6192.92
2018/12/21,6573.49,6332.99
2018/12/20,6607.76,6528.41
2018/12/19,6777.59,6636.83
2018/12/18,6809.82,6783.91
2018/12/17,6886.46,6753.73
2018/12/14,6986.37,6910.66
2018/12/13,7135.28,7070.33
2018/12/12,7127,7098.31
2018/12/11,7121.66,7031.83
2018/12/10,6959.63,7020.52
2018/12/7,7163.49,6969.25
2018/12/6,7017.05,7188.26
2018/12/4,7407.95,7158.43
2018/12/3,7486.13,7441.51
2018/11/30,7279.3,7330.54
2018/11/29,7267.37,7273.08
2018/11/28,7135.08,7291.59
2018/11/27,7041.23,7082.7
2018/11/26,7026.5,7081.85
2018/11/23,6919.52,6938.98
2018/11/21,6985.51,6972.25
2018/11/20,6867.43,6908.82
2018/11/19,7217.24,7028.48
2018/11/16,7193.6,7247.87
2018/11/15,7112.83,7259.03
2018/11/14,7265.39,7136.39
2018/11/13,7230.69,7200.87
2018/11/12,7364.05,7200.87
2018/11/9,7468.51,7406.9
2018/11/8,7544.17,7530.88
2018/11/7,7446.09,7570.75
2018/11/6,7326.07,7375.96
2018/11/5,7344.08,7328.85
2018/11/2,7424.02,7356.99
2018/11/1,7327.82,7434.06
2018/10/31,7276.62,7305.9
2018/10/30,7017.87,7161.65
2018/10/29,7272.42,7050.29
2018/10/26,7125.18,7167.21
2018/10/25,7197.49,7318.34
2018/10/24,7423.21,7108.4
2018/10/23,7328.55,7437.54
2018/10/22,7486.74,7468.63
2018/10/19,7530.15,7449.03
2018/10/18,7616.47,7485.14
2018/10/17,7669.26,7642.7
2018/10/16,7501.78,7645.49
2018/10/15,7473.33,7430.74
2018/10/12,7507.84,7496.89
2018/10/11,7388.07,7329.06
2018/10/10,7694.08,7422.05
2018/10/9,7728.51,7738.02
2018/10/8,7747.1,7735.95
2018/10/5,7874.76,7788.45
2018/10/4,7993.33,7879.51
2018/10/3,8034.65,8025.09
2018/10/2,8024.47,7999.55
2018/10/1,8091.5,8037.3
2018/9/28,8024.5,8046.35
2018/9/27,8021.22,8041.97
2018/9/26,8011.68,7990.37
2018/9/25,8001.59,8007.47
2018/9/24,7939.38,7993.25
2018/9/21,8041.69,7986.96
2018/9/20,7993.53,8028.23
2018/9/19,7962.54,7950.04
2018/9/18,7903.57,7956.11
2018/9/17,7992.21,7895.79
2018/9/14,8026.16,8010.04
2018/9/13,7999.93,8013.71
2018/9/12,7958.87,7954.23
2018/9/11,7894.87,7972.47
2018/9/10,7939.57,7924.16
2018/9/7,7878.79,7902.54
2018/9/6,7998.27,7922.73
2018/9/5,8073.53,7995.17
2018/9/4,8087.95,8091.25
2018/8/31,8079.31,8109.54
2018/8/30,8094.2,8088.36
2018/8/29,8044.34,8109.69
2018/8/28,8039.01,8030.04
2018/8/27,7989.64,8017.9
2018/8/24,7907.81,7945.98
2018/8/23,7886.47,7878.46
2018/8/22,7844.04,7889.1
2018/8/21,7840.09,7859.17
2018/8/20,7834.37,7821.01
2018/8/17,7786.64,7816.33
2018/8/16,7826.95,7806.52
2018/8/15,7810.02,7774.12
2018/8/14,7847.88,7870.89
2018/8/13,7848,7819.71
2018/8/10,7834.71,7839.11
2018/8/9,7886.51,7891.78
2018/8/8,7880,7888.33
2018/8/7,7878.62,7883.66
2018/8/6,7809.54,7859.68
2018/8/3,7819.23,7812.01
2018/8/2,7659.52,7802.69
2018/8/1,7701.82,7707.29
2018/7/31,7654.59,7671.79
2018/7/30,7735.27,7630
2018/7/27,7889.75,7737.42
2018/7/26,7848.04,7852.18
2018/7/25,7839.09,7932.24
2018/7/24,7914.35,7840.77
2018/7/23,7806.93,7841.87
2018/7/20,7843.08,7820.2
2018/7/19,7829.8,7825.3
2018/7/18,7859.43,7854.44
2018/7/17,7751.97,7855.12
2018/7/16,7831.74,7805.72
2018/7/13,7827.62,7825.98
2018/7/12,7752.71,7823.92
2018/7/11,7698.51,7716.61
2018/7/10,7770.63,7759.2
2018/7/9,7731.74,7756.2
2018/7/6,7595.93,7688.39
2018/7/5,7550.66,7586.43
2018/7/3,7593.63,7502.67
2018/7/2,7451.9,7567.69
2018/6/29,7544.13,7510.3
2018/6/28,7438.11,7503.68
2018/6/27,7586.33,7445.08
2018/6/26,7553.74,7561.63
2018/6/25,7631.12,7532.01
2018/6/22,7739.69,7692.82
2018/6/21,7800.3,7712.95
2018/6/20,7764.15,7781.51
2018/6/19,7658.47,7725.59
2018/6/18,7692.96,7747.03
2018/6/15,7725.03,7746.38
2018/6/14,7723.53,7761.04
2018/6/13,7713.9,7695.7
2018/6/12,7673.87,7703.79
2018/6/11,7647.24,7659.93
2018/6/8,7607.74,7645.51
2018/6/7,7697.41,7635.07
2018/6/6,7652.8,7689.24
2018/6/5,7621.36,7637.86
2018/6/4,7570.08,7606.46
2018/6/1,7487.66,7554.33
2018/5/31,7455.58,7442.12
2018/5/30,7428.41,7462.45
2018/5/29,7398.51,7396.59
2018/5/25,7422.2,7433.85
2018/5/24,7421.99,7424.43
2018/5/23,7335.03,7425.96
2018/5/22,7420.85,7378.46
2018/5/21,7406.33,7394.04
2018/5/18,7364.34,7354.34
2018/5/17,7379.58,7382.47
2018/5/16,7356.22,7398.3
2018/5/15,7361.3,7351.63
2018/5/14,7429.45,7411.32
2018/5/11,7393.96,7402.88
2018/5/10,7355.9,7404.97
2018/5/9,7281.53,7339.91
2018/5/8,7255.34,7266.9
2018/5/7,7241.82,7265.21
2018/5/4,7065.67,7209.62
2018/5/3,7065.03,7088.15
2018/5/2,7138.45,7100.9
2018/5/1,7053.65,7130.7
2018/4/30,7133.95,7066.27
2018/4/27,7195.52,7119.8
2018/4/26,7080.49,7118.68
2018/4/25,7009.99,7003.74
2018/4/24,7160.77,7007.35
2018/4/23,7173.99,7128.6
2018/4/20,7220.64,7146.13
2018/4/19,7258.61,7238.06
2018/4/18,7292.38,7295.24
2018/4/17,7215.12,7281.1
2018/4/16,7153.87,7156.28
2018/4/13,7179.62,7106.65
2018/4/12,7112.02,7140.25
2018/4/11,7055,7069.03
2018/4/10,7060.99,7094.3
2018/4/9,6971.45,6950.34
2018/4/6,6999.57,6915.11
2018/4/5,7099.25,7076.55
2018/4/4,6811.77,7042.11
2018/4/3,6924.35,6941.28
2018/4/2,7016.17,6870.12
2018/3/29,6984.65,7063.44
2018/3/28,6978.3,6949.23
2018/3/27,7255.47,7008.81
2018/3/26,7125.2,7220.54
2018/3/23,7170.68,6992.67
2018/3/22,7257.55,7166.68
2018/3/21,7347.5,7345.29
2018/3/20,7353.25,7364.3
2018/3/19,7419.2,7344.24
2018/3/16,7504.37,7481.99
2018/3/15,7509.24,7481.74
2018/3/14,7539.78,7496.81
2018/3/13,7627.52,7511.01
2018/3/12,7581.04,7588.32
2018/3/9,7475.98,7560.81
2018/3/8,7422.77,7427.95
2018/3/7,7311.74,7396.65
2018/3/6,7366.61,7372.01
2018/3/5,7222.89,7330.7
2018/3/2,7099.54,7257.87
2018/3/1,7274.75,7180.56
2018/2/28,7371.41,7273.01
2018/2/27,7416.17,7330.35
2018/2/26,7373.3,7421.46
2018/2/23,7261.35,7337.39
2018/2/22,7252.46,7210.09
2018/2/21,7258.48,7218.23
2018/2/20,7209.03,7234.31
2018/2/16,7236.51,7239.47
2018/2/15,7200.75,7256.43
2018/2/14,6979.24,7143.62
2018/2/13,6942.16,7013.51
2018/2/12,6936.68,6981.96
2018/2/9,6863.34,6874.49
2018/2/8,7067.3,6777.16
2018/2/7,7086.2,7051.98
2018/2/6,6837.56,7115.88
2018/2/5,7165.96,6967.53
2018/2/2,7347.59,7240.95
2018/2/1,7377.17,7385.86
2018/1/31,7443.25,7411.48
2018/1/30,7388.89,7402.48
2018/1/29,7484.47,7466.51
2018/1/26,7448.33,7505.77
2018/1/25,7457.94,7411.16
2018/1/24,7474.16,7415.06
2018/1/23,7424.95,7460.29
2018/1/22,7338.04,7408.03
2018/1/19,7312,7336.38
2018/1/18,7293.65,7296.05
2018/1/17,7257.77,7298.28
2018/1/16,7307.19,7223.69
2018/1/12,7208.17,7261.06
2018/1/11,7168.73,7211.78
2018/1/10,7129.83,7153.57
2018/1/9,7174.19,7163.58
2018/1/8,7135.38,7157.39
2018/1/5,7105.74,7136.56
2018/1/4,7089.5,7077.91
2018/1/3,7017.07,7065.53
2018/1/2,6937.65,7006.9
2017/12/29,6952.61,6903.39
2017/12/28,6953.38,6950.16
2017/12/27,6941.45,6939.34
2017/12/26,6928.92,6936.25
2017/12/22,6958.02,6959.96
2017/12/21,6972.88,6965.36
2017/12/20,6991.25,6960.96
2017/12/19,6991.25,6963.85
2017/12/18,6980.4,6994.76
2017/12/15,6871.55,6936.58
2017/12/14,6887.38,6856.53
2017/12/13,6880.41,6875.8
2017/12/12,6872.71,6862.32
2017/12/11,6847.64,6875.08
2017/12/8,6859.95,6840.08
2017/12/7,6785.74,6812.84
2017/12/6,6742.07,6776.38
2017/12/5,6759.14,6762.21
2017/12/4,6897.13,6775.37
2017/12/1,6844.04,6847.59
2017/11/30,6852.8,6873.97
2017/11/29,6907.28,6824.39
2017/11/28,6893.72,6912.36
2017/11/27,6889.91,6878.52
2017/11/24,6878.11,6889.16
2017/11/22,6869.53,6867.36
2017/11/21,6820.55,6862.48
2017/11/20,6789.28,6790.71
2017/11/17,6794.45,6782.79
2017/11/16,6742.33,6793.29
2017/11/15,6700.68,6706.21
2017/11/14,6733.87,6737.87
2017/11/13,6727.39,6757.6
2017/11/10,6736.39,6750.94
2017/11/9,6737.45,6750.05
2017/11/8,6764.85,6789.12
2017/11/7,6785.44,6767.78
2017/11/6,6763.3,6786.44
2017/11/3,6737.09,6764.44
2017/11/2,6709.39,6714.94
2017/11/1,6758.64,6716.53
2017/10/31,6713.71,6727.67
2017/10/30,6693.77,6698.96
2017/10/27,6635.03,6701.26
2017/10/26,6567.59,6556.77
2017/10/25,6587.22,6563.89
2017/10/24,6598.6,6598.43
2017/10/23,6641.57,6586.83
2017/10/20,6633.37,6629.05
2017/10/19,6583.7,6605.07
2017/10/18,6634.26,6624.22
2017/10/17,6621.42,6623.66
2017/10/16,6622.55,6624
2017/10/13,6613.21,6605.8
2017/10/12,6594.76,6591.51
2017/10/11,6586.73,6603.55
2017/10/10,6602.49,6587.25
2017/10/9,6597.37,6579.73
2017/10/6,6566.95,6590.18
2017/10/5,6552.87,6585.36
2017/10/4,6521.96,6534.63
2017/10/3,6523.74,6531.71
2017/10/2,6506.08,6516.72
2017/9/29,6461.28,6495.96
2017/9/28,6437.96,6453.45
2017/9/27,6414.37,6453.26
2017/9/26,6391.85,6380.16
2017/9/25,6403.11,6370.59
2017/9/22,6401.44,6426.92
2017/9/21,6448.57,6422.69
2017/9/20,6459.74,6456.04
2017/9/19,6465.57,6461.32
2017/9/18,6460.1,6454.64
2017/9/15,6426.16,6448.47
2017/9/14,6439.46,6429.08
2017/9/13,6440.72,6460.19
2017/9/12,6448.81,6454.28
2017/9/11,6411.18,6432.26
2017/9/8,6389.65,6360.19
2017/9/7,6402.94,6397.87
2017/9/6,6394.35,6393.31
2017/9/5,6414.82,6375.57
2017/9/1,6442.17,6435.33
2017/8/31,6385.8,6428.66
2017/8/30,6308.68,6368.31
2017/8/29,6228.9,6301.89
2017/8/28,6286.01,6283.02
2017/8/25,6293.81,6265.64
2017/8/24,6294.82,6271.33
2017/8/23,6263.47,6278.41
2017/8/22,6241.21,6297.48
2017/8/21,6216.32,6213.13
2017/8/18,6222.46,6216.53
2017/8/17,6322.72,6221.91
2017/8/16,6348.11,6345.11
2017/8/15,6350.51,6333.01
2017/8/14,6306.11,6340.23
2017/8/11,6222.18,6256.56
2017/8/10,6312.65,6216.87
2017/8/9,6322.92,6352.33
2017/8/8,6373.33,6370.46
2017/8/7,6361.06,6383.77
2017/8/4,6350.79,6351.56
2017/8/3,6366.24,6340.34
2017/8/2,6393.1,6362.65
2017/8/1,6372.16,6362.94
2017/7/31,6394.69,6348.12
2017/7/28,6350.27,6374.68
2017/7/27,6459.76,6382.19
2017/7/26,6425.93,6422.75
2017/7/25,6407.59,6412.17
2017/7/24,6387.82,6410.81
2017/7/21,6383.05,6387.75
2017/7/20,6396.46,6390
2017/7/19,6363.24,6385.04
2017/7/18,6304.82,6344.31
2017/7/17,6320.35,6314.43
2017/7/14,6289.08,6312.47
2017/7/13,6269.1,6274.44
2017/7/12,6238.9,6261.17
2017/7/11,6171.25,6193.3
2017/7/10,6156.03,6176.39
2017/7/7,6111.21,6153.08
2017/7/6,6109.6,6089.46
2017/7/5,6122.06,6150.86
2017/7/3,6173.29,6110.06
2017/6/30,6166.84,6140.42
2017/6/29,6215.49,6144.35
2017/6/28,6173.1,6234.41
2017/6/27,6227.9,6146.62
2017/6/26,6292.73,6247.15
2017/6/23,6234.35,6265.25
2017/6/22,6239.15,6236.69
2017/6/21,6202.75,6233.95
2017/6/20,6229.62,6188.03
2017/6/19,6196.85,6239.01
2017/6/16,6154.28,6151.76
2017/6/15,6127.05,6165.5
2017/6/14,6237.46,6194.89
2017/6/13,6206.12,6220.37
2017/6/12,6153.56,6175.46
2017/6/9,6330.25,6207.92
2017/6/8,6311.73,6321.76
2017/6/7,6290.44,6297.38
2017/6/6,6281.88,6275.06
2017/6/5,6305.47,6295.68
2017/6/2,6261.59,6305.8
2017/6/1,6215.91,6246.83
2017/5/31,6221.63,6198.52
2017/5/30,6204.18,6203.19
2017/5/26,6207.04,6210.19
2017/5/25,6183.02,6205.26
2017/5/24,6154.18,6163.02
2017/5/23,6149.55,6138.71
2017/5/22,6098.25,6133.62
2017/5/19,6070.23,6083.7
2017/5/18,5998.46,6055.13
2017/5/17,6108.62,6011.24
2017/5/16,6160.52,6169.87
2017/5/15,6128.11,6149.67
2017/5/12,6119.27,6121.23
2017/5/11,6110.05,6115.96
2017/5/10,6121.64,6129.14
2017/5/9,6111.82,6120.59
2017/5/8,6100.66,6102.66
2017/5/5,6091.69,6100.76
2017/5/4,6075.06,6075.34
2017/5/3,6075.04,6072.55
2017/5/2,6102.51,6095.37
2017/5/1,6067.56,6091.6
2017/4/28,6072.87,6047.61
2017/4/27,6038.47,6048.94
2017/4/26,6028.12,6025.23
2017/4/25,6004.16,6025.49
2017/4/24,5979.96,5983.82
2017/4/21,5919.02,5910.52
2017/4/20,5887.87,5916.78
2017/4/19,5874.43,5863.03
2017/4/18,5838.59,5849.47
2017/4/17,5821.55,5856.79
2017/4/13,5828.37,5805.15
2017/4/12,5863.59,5836.16
2017/4/11,5871.16,5866.77
2017/4/10,5883.43,5880.93
2017/4/7,5873.94,5877.81
2017/4/6,5870.52,5878.95
2017/4/5,5911.92,5864.48
2017/4/4,5878.76,5898.61
2017/4/3,5917.32,5894.68
2017/3/31,5905.63,5911.74
2017/3/30,5896.15,5914.34
2017/3/29,5875.35,5897.55
2017/3/28,5836.5,5875.14
2017/3/27,5776.33,5840.37
2017/3/24,5839.33,5828.74
2017/3/23,5812.31,5817.69
2017/3/22,5790.59,5821.64
2017/3/21,5923.42,5793.83
2017/3/20,5898.81,5901.53
2017/3/17,5898.58,5901
2017/3/16,5907.86,5900.76
2017/3/15,5869.97,5900.05
2017/3/14,5860.07,5856.82
2017/3/13,5863.48,5875.78
2017/3/10,5867.16,5861.73
2017/3/9,5834.67,5838.81
2017/3/8,5838.44,5837.55
2017/3/7,5836.12,5833.93
2017/3/6,5846.42,5849.17
2017/3/3,5854.27,5870.75
2017/3/2,5897.01,5861.22
2017/3/1,5874.86,5904.03
2017/2/28,5852.79,5825.44
2017/2/27,5835.04,5861.9
2017/2/24,5802.33,5845.31
2017/2/23,5866.82,5835.51
2017/2/22,5857.56,5860.63
2017/2/21,5850.2,5865.95
2017/2/17,5807.31,5838.58
2017/2/16,5823.01,5814.9
2017/2/15,5777.9,5819.44
2017/2/14,5756.51,5782.57
2017/2/13,5753.19,5763.96
2017/2/10,5726.17,5734.13
2017/2/9,5688.02,5715.18
2017/2/8,5662.95,5682.45
2017/2/7,5674.86,5674.22
2017/2/6,5656.95,5663.55
2017/2/3,5650.73,5666.77
2017/2/2,5627.15,5636.2
2017/2/1,5654.51,5642.65
2017/1/31,5592.87,5614.79
2017/1/30,5635.86,5613.71
2017/1/27,5664.88,5660.78
2017/1/26,5666.28,5655.18
2017/1/25,5635.86,5656.34
2017/1/24,5568.27,5600.96
2017/1/23,5546.64,5552.94
2017/1/20,5556.87,5555.33
2017/1/19,5560.61,5540.08
2017/1/18,5546.94,5555.65
2017/1/17,5555.16,5538.73
2017/1/13,5557.57,5574.12
2017/1/12,5542.56,5547.49
2017/1/11,5550.72,5563.65
2017/1/10,5536.54,5551.82
2017/1/9,5527.58,5531.82
2017/1/6,5499.08,5521.06
2017/1/5,5474.39,5487.94
2017/1/4,5440.91,5477
2017/1/3,5425.62,5429.08
2016/12/30,5440.17,5383.12
2016/12/29,5437.51,5432.09
2016/12/28,5497.44,5438.56
2016/12/27,5470.76,5487.44
2016/12/23,5441.76,5462.69
2016/12/22,5472.01,5447.42
2016/12/21,5482.63,5471.43
2016/12/20,5473.53,5483.94
2016/12/19,5441.2,5457.44
2016/12/16,5467.82,5437.16
2016/12/15,5443.51,5456.85
2016/12/14,5465.69,5436.67
2016/12/13,5433.57,5463.83
2016/12/12,5428.22,5412.54
2016/12/9,5436.11,5444.5
2016/12/8,5394.15,5417.36
2016/12/7,5322.67,5393.76
2016/12/6,5317.74,5333
2016/12/5,5283.58,5308.89
2016/12/2,5249.02,5255.65
2016/12/1,5323.88,5251.11
2016/11/30,5391.35,5323.68
2016/11/29,5370.98,5379.92
2016/11/28,5387.92,5368.81
2016/11/25,5388.49,5398.92
2016/11/23,5366.55,5380.68
2016/11/22,5384.75,5386.35
2016/11/21,5336.78,5368.86
2016/11/18,5340.97,5321.51
2016/11/17,5295.07,5333.97
2016/11/16,5253.74,5294.58
2016/11/15,5241.35,5275.62
2016/11/14,5246.33,5218.4
2016/11/11,5191.82,5237.11
2016/11/10,5283.48,5208.8
2016/11/9,5143.86,5251.07
2016/11/8,5154.99,5193.49
2016/11/7,5128.99,5166.17
2016/11/4,5034.41,5046.37
2016/11/3,5104.7,5058.41
2016/11/2,5147.28,5105.57
2016/11/1,5199.77,5153.58
2016/10/31,5205.09,5189.13
2016/10/28,5203.7,5190.1
2016/10/27,5272.19,5215.97
2016/10/26,5256.4,5250.27
2016/10/25,5306.47,5283.4
2016/10/24,5290.31,5309.83
2016/10/21,5238.65,5257.4
2016/10/20,5238.2,5241.83
2016/10/19,5240.33,5246.41
2016/10/18,5255.32,5243.84
2016/10/17,5213.69,5199.82
2016/10/14,5241.26,5214.16
2016/10/13,5200.3,5213.33
2016/10/12,5247.91,5239.02
2016/10/11,5321.82,5246.79
2016/10/10,5318.46,5328.67
2016/10/7,5314.92,5292.4
2016/10/6,5306.59,5306.85
2016/10/5,5305.28,5316.02
2016/10/4,5313.49,5289.66
2016/10/3,5300.29,5300.87
2016/9/30,5288.87,5312
2016/9/29,5311.31,5269.15
2016/9/28,5312.73,5318.55
2016/9/27,5254.18,5305.71
2016/9/26,5275.73,5257.49
2016/9/23,5327.43,5305.75
2016/9/22,5323.26,5339.52
2016/9/21,5263.65,5295.18
2016/9/20,5256.19,5241.35
2016/9/19,5263.55,5235.03
2016/9/16,5238.71,5244.57
2016/9/15,5178.1,5249.69
2016/9/14,5160.21,5173.77
2016/9/13,5181.14,5155.25
2016/9/12,5098.03,5211.89
2016/9/9,5217.95,5125.91
2016/9/8,5269.96,5259.48
2016/9/7,5274.23,5283.93
2016/9/6,5259.99,5275.91
2016/9/2,5249.66,5249.9
2016/9/1,5218.28,5227.21
2016/8/31,5216.42,5213.22
2016/8/30,5229.88,5222.99
2016/8/29,5223.8,5232.33
2016/8/26,5219.05,5218.92
2016/8/25,5207.61,5212.2
2016/8/24,5254.42,5217.69
2016/8/23,5265.78,5260.08
2016/8/22,5231.46,5244.6
2016/8/19,5229.87,5238.38
2016/8/18,5226.45,5240.15
2016/8/17,5228.44,5228.66
2016/8/16,5247.96,5227.11
2016/8/15,5242.18,5262.02
2016/8/12,5219.66,5232.89
2016/8/11,5222.15,5228.4
2016/8/10,5227.95,5204.58
2016/8/9,5216.21,5225.48
2016/8/8,5223.54,5213.14
2016/8/5,5190.71,5221.12
2016/8/4,5158.02,5166.25
2016/8/3,5133.24,5159.74
2016/8/2,5177.53,5137.73
2016/8/1,5167.42,5184.2
2016/7/29,5162.15,5162.13
2016/7/28,5144.82,5154.98
2016/7/27,5143.84,5139.81
2016/7/26,5095.61,5110.05
2016/7/25,5096.99,5097.63
2016/7/22,5078.12,5100.16
2016/7/21,5093.97,5073.9
2016/7/20,5061.6,5089.93
2016/7/19,5038.22,5036.37
2016/7/18,5034.99,5055.78
2016/7/15,5041.19,5029.59
2016/7/14,5041.95,5034.06
2016/7/13,5036.32,5005.73
2016/7/12,5017.99,5022.82
2016/7/11,4976.54,4988.64
2016/7/8,4906.66,4956.76
2016/7/7,4867.47,4876.81
2016/7/6,4799.32,4859.16
2016/7/5,4837.06,4822.9
2016/7/1,4837.18,4862.57
2016/6/30,4793.75,4842.67
2016/6/29,4732.93,4779.25
2016/6/28,4643.93,4691.87
2016/6/27,4664.43,4594.44
2016/6/24,4715.79,4707.98
2016/6/23,4872.19,4910.04
2016/6/22,4846.68,4833.32
2016/6/21,4845.08,4843.76
2016/6/20,4856.69,4837.21
2016/6/17,4835.02,4800.34
2016/6/16,4809.69,4844.91
2016/6/15,4855.08,4834.93
2016/6/14,4836.67,4843.55
2016/6/13,4868.51,4848.44
2016/6/10,4915.15,4894.55
2016/6/9,4954.15,4958.62
2016/6/8,4970.01,4974.64
2016/6/7,4972.13,4961.75
2016/6/6,4950.46,4968.71
2016/6/3,4958.1,4942.52
2016/6/2,4941.25,4971.36
2016/6/1,4928.97,4952.25
2016/5/31,4938.48,4948.05
2016/5/27,4904.05,4933.5
2016/5/26,4897.78,4901.77
2016/5/25,4877.18,4894.89
2016/5/24,4792.85,4861.06
2016/5/23,4771.57,4765.78
2016/5/20,4729.44,4769.56
2016/5/19,4717.36,4712.53
2016/5/18,4705.78,4739.12
2016/5/17,4768.85,4715.73
2016/5/16,4728.86,4775.46
2016/5/13,4731.07,4717.68
2016/5/12,4778.19,4737.33
2016/5/11,4799.3,4760.69
2016/5/10,4768.91,4809.88
2016/5/9,4736.35,4750.21
2016/5/6,4695.9,4736.16
2016/5/5,4742.42,4717.09
2016/5/4,4735.28,4725.64
2016/5/3,4780.88,4763.22
2016/5/2,4786.55,4817.59
2016/4/29,4805.79,4775.36
2016/4/28,4857.6,4805.29
2016/4/27,4855.37,4863.14
2016/4/26,4903.81,4888.28
2016/4/25,4891.48,4895.79
2016/4/22,4898.24,4906.23
2016/4/21,4949.12,4945.89
2016/4/20,4941.99,4948.13
2016/4/19,4968.3,4940.33
2016/4/18,4919.36,4960.02
2016/4/15,4938.83,4938.22
2016/4/14,4947.62,4945.89
2016/4/13,4904.79,4947.42
2016/4/12,4838.82,4872.09
2016/4/11,4873.39,4833.4
2016/4/8,4883.99,4850.69
2016/4/7,4893.57,4848.37
2016/4/6,4849.58,4920.72
2016/4/5,4855.9,4843.93
2016/4/4,4911.21,4891.8
2016/4/1,4842.55,4914.54
2016/3/31,4869.57,4869.85
2016/3/30,4875.46,4869.29
2016/3/29,4756.55,4846.62
2016/3/28,4785.25,4766.79
2016/3/24,4743.36,4773.5
2016/3/23,4813.87,4768.86
2016/3/22,4783.6,4821.66
2016/3/21,4787.31,4808.87
2016/3/18,4784.63,4795.65
2016/3/17,4752.62,4774.99
2016/3/16,4717.88,4763.97
2016/3/15,4731.14,4728.67
2016/3/14,4733.39,4750.28
2016/3/11,4712.38,4748.47
2016/3/10,4691.2,4662.16
2016/3/9,4666.42,4674.38
2016/3/8,4676.22,4648.82
2016/3/7,4690.88,4708.25
2016/3/4,4715.76,4717.02
2016/3/3,4698.38,4707.42
2016/3/2,4683.8,4703.42
2016/3/1,4596.01,4689.6
2016/2/29,4585.3,4557.95
2016/2/26,4615.14,4590.47
2016/2/25,4554.73,4582.2
2016/2/24,4453.93,4542.61
2016/2/23,4550.05,4503.58
2016/2/22,4548.31,4570.61
2016/2/19,4464.67,4504.43
2016/2/18,4548.1,4487.54
2016/2/17,4471.66,4534.06
2016/2/16,4397.95,4435.96
2016/2/12,4307.29,4337.51
2016/2/11,4218.81,4266.84
2016/2/10,4318.28,4283.59
2016/2/9,4224.87,4268.76
2016/2/8,4288.02,4283.75
2016/2/5,4491.48,4363.14
2016/2/4,4492.48,4509.56
2016/2/3,4543.82,4504.24
2016/2/2,4588.69,4516.95
2016/2/1,4587.59,4620.37
2016/1/29,4512.09,4613.95
2016/1/28,4533.81,4506.68
2016/1/27,4548.87,4468.17
2016/1/26,4537.04,4567.67
2016/1/25,4574.59,4518.49
2016/1/22,4557.39,4591.18
2016/1/21,4480.7,4472.06
2016/1/20,4405.22,4471.69
2016/1/19,4548.05,4476.95
2016/1/15,4464.37,4488.42
2016/1/14,4545.37,4615
2016/1/13,4706.02,4526.06
2016/1/12,4681.54,4685.92
2016/1/11,4673.44,4637.99
2016/1/8,4722.02,4643.63
2016/1/7,4736.4,4689.43
2016/1/6,4813.76,4835.76
2016/1/5,4917.84,4891.43
2016/1/4,4897.65,4903.09
2015/12/31,5047.04,5007.41
2015/12/30,5101.18,5065.85
2015/12/29,5066.52,5107.94
2015/12/28,5032.29,5040.99
2015/12/24,5046.19,5048.49
2015/12/23,5025.55,5045.93
2015/12/22,4988.68,5001.11
2015/12/21,4957.53,4968.92
2015/12/18,4982.58,4923.08
2015/12/17,5087.17,5002.55
2015/12/16,5033.48,5071.13
2015/12/15,4991.21,4995.36
2015/12/14,4932.61,4952.23
2015/12/11,4979.77,4933.47
2015/12/10,5026.3,5045.17
2015/12/9,5077.21,5022.87
2015/12/8,5050.52,5098.24
2015/12/7,5139.46,5101.81
2015/12/4,5050.93,5142.27
2015/12/3,5143.16,5037.53
2015/12/2,5158.82,5123.22
2015/12/1,5129.64,5156.31
2015/11/30,5139.58,5108.67
2015/11/27,5121.93,5127.52
2015/11/25,5106.87,5116.14
2015/11/24,5070.66,5102.81
2015/11/23,5106.72,5102.48
2015/11/20,5096.96,5104.92
2015/11/19,5078.67,5073.64
2015/11/18,5004.6,5075.2
2015/11/17,4991.71,4986.02
2015/11/16,4916.14,4984.62
2015/11/13,4980.86,4927.88
2015/11/12,5043.1,5005.08
2015/11/11,5098.13,5067.02
2015/11/10,5068.55,5083.24
2015/11/9,5128.94,5095.3
2015/11/6,5124.04,5147.12
2015/11/5,5144.15,5127.74
2015/11/4,5155.62,5142.48
2015/11/3,5114.31,5145.13
2015/11/2,5065.64,5127.15
2015/10/30,5079.76,5053.75
2015/10/29,5071.04,5074.27
2015/10/28,5040.38,5095.69
2015/10/27,5018.99,5030.15
2015/10/26,5030.8,5034.7
2015/10/23,5024.38,5031.86
2015/10/22,4875.96,4920.05
2015/10/21,4903.98,4840.12
2015/10/20,4900.02,4880.97
2015/10/19,4873.54,4905.47
2015/10/16,4872.36,4886.69
2015/10/15,4799.43,4870.1
2015/10/14,4801.35,4782.85
2015/10/13,4809.24,4796.61
2015/10/12,4839.79,4838.64
2015/10/9,4817.28,4830.47
2015/10/8,4775.06,4810.79
2015/10/7,4775.05,4791.15
2015/10/6,4767.63,4748.36
2015/10/5,4742.13,4781.26
2015/10/2,4566.13,4707.78
2015/10/1,4624.46,4627.08
2015/9/30,4574.38,4620.16
2015/9/29,4551.04,4517.32
2015/9/28,4665.06,4543.97
2015/9/25,4782.41,4686.5
2015/9/24,4717.89,4734.48
2015/9/23,4764.69,4752.74
2015/9/22,4762.29,4756.72
2015/9/21,4851.98,4828.95
2015/9/18,4828.71,4827.23
2015/9/17,4884.11,4893.95
2015/9/16,4860.43,4889.24
2015/9/15,4819.32,4860.52
2015/9/14,4831.98,4805.76
2015/9/11,4770.73,4822.34
2015/9/10,4749.96,4796.25
2015/9/9,4856.27,4756.53
2015/9/8,4769.72,4811.93
2015/9/4,4670.35,4683.92
2015/9/3,4763.1,4733.5
2015/9/2,4704.42,4749.98
2015/9/1,4673.61,4636.1
2015/8/31,4798.68,4776.51
2015/8/28,4792.11,4828.32
2015/8/27,4761.05,4812.71
2015/8/26,4633.51,4697.54
2015/8/25,4687.27,4506.49
2015/8/24,4351.61,4526.25
2015/8/21,4801.04,4706.04
2015/8/20,4973.49,4877.49
2015/8/19,5039.03,5019.05
2015/8/18,5082.17,5059.35
2015/8/17,5032.34,5091.7
2015/8/14,5025.92,5048.24
2015/8/13,5050.94,5033.56
2015/8/12,4994.52,5044.39
2015/8/11,5069.16,5036.79
2015/8/10,5081.72,5101.8
2015/8/7,5043.97,5043.54
2015/8/6,5146.63,5056.44
2015/8/5,5132.77,5139.94
2015/8/4,5110.96,5105.55
2015/8/3,5134.34,5115.38
2015/7/31,5148.18,5128.28
2015/7/30,5100.3,5128.78
2015/7/29,5097.86,5111.73
2015/7/28,5063.44,5089.21
2015/7/27,5055.92,5039.78
2015/7/24,5166.91,5088.63
2015/7/23,5180.33,5146.41
2015/7/22,5146.03,5171.77
2015/7/21,5219.2,5208.12
2015/7/20,5223.18,5218.86
2015/7/17,5196.11,5210.14
2015/7/16,5138.18,5163.18
2015/7/15,5111.11,5098.94
2015/7/14,5077.12,5104.89
2015/7/13,5037.27,5071.51
2015/7/10,4981.24,4997.7
2015/7/9,4976.15,4922.4
2015/7/8,4953.98,4909.76
2015/7/7,4993.76,4997.46
2015/7/6,4963.8,4991.94
2015/7/2,5024.3,5009.21
2015/7/1,5029.05,5013.12
2015/6/30,5000.15,4986.87
2015/6/29,5021.21,4958.47
2015/6/26,5113.26,5080.51
2015/6/25,5139.48,5112.19
2015/6/24,5151.38,5122.41
2015/6/23,5161.68,5160.09
2015/6/22,5147.87,5153.97
2015/6/19,5139.77,5117
2015/6/18,5082.06,5132.95
2015/6/17,5067.68,5064.88
2015/6/16,5023.58,5055.55
2015/6/15,5011.79,5029.97
2015/6/12,5060.24,5051.1
2015/6/11,5088.26,5082.51
2015/6/10,5029.41,5076.69
2015/6/9,5013.13,5013.87
2015/6/8,5066.65,5021.63
2015/6/5,5057.04,5068.46
2015/6/4,5078.22,5059.12
2015/6/3,5098.48,5099.23
2015/6/2,5063.47,5076.52
2015/6/1,5094.94,5082.93
2015/5/29,5093.1,5070.03
2015/5/28,5096.34,5097.98
2015/5/27,5047.86,5106.59
2015/5/26,5076.91,5032.75
2015/5/22,5085.39,5089.36
2015/5/21,5065.94,5090.79
2015/5/20,5072.44,5071.74
2015/5/19,5080.44,5070.03
2015/5/18,5040.92,5078.44
2015/5/15,5059.15,5048.29
2015/5/14,5016.68,5050.8
2015/5/13,4991.42,4981.69
2015/5/12,4966.44,4976.19
2015/5/11,5003.26,4993.57
2015/5/8,4991.63,5003.55
2015/5/7,4917.75,4945.54
2015/5/6,4956.7,4919.64
2015/5/5,5000.2,4939.33
2015/5/4,5018.35,5016.93
2015/5/1,4966.32,5005.39
2015/4/30,4996.99,4941.42
2015/4/29,5028.45,5023.64
2015/4/28,5063.26,5055.42
2015/4/27,5104.36,5060.25
2015/4/24,5096.34,5092.08
2015/4/23,5020.22,5056.06
2015/4/22,5026.57,5035.17
2015/4/21,5023.96,5014.1
2015/4/20,4958.07,4994.6
2015/4/17,4966.11,4931.81
2015/4/16,4999.36,5007.79
2015/4/15,4992.62,5011.02
2015/4/14,4988.82,4977.29
2015/4/13,5001.55,4988.25
2015/4/10,4977.03,4995.98
2015/4/9,4950.84,4974.56
2015/4/8,4914.15,4950.82
2015/4/7,4917.5,4910.23
2015/4/6,4855.94,4917.32
2015/4/2,4885.41,4886.94
2015/4/1,4894.36,4880.23
2015/3/31,4925.91,4900.88
2015/3/30,4921.78,4947.44
2015/3/27,4863.74,4891.22
2015/3/26,4835.71,4863.36
2015/3/25,5002.83,4876.52
2015/3/24,5010.1,4994.73
2015/3/23,5020.6,5010.97
2015/3/20,5033.47,5026.42
2015/3/19,4982.02,4992.38
2015/3/18,4926.83,4982.83
2015/3/17,4912.65,4937.43
2015/3/16,4897.27,4929.51
2015/3/13,4885.54,4871.76
2015/3/12,4853.98,4893.29
2015/3/11,4866.94,4849.94
2015/3/10,4899.51,4859.79
2015/3/9,4936.08,4942.44
2015/3/6,4967.24,4927.37
2015/3/5,4979.95,4982.81
2015/3/4,4961.24,4967.14
2015/3/3,4990.7,4979.9
2015/3/2,4973.43,5008.1
2015/2/27,4985.03,4963.53
2015/2/26,4969.27,4987.89
2015/2/25,4960.36,4967.14
2015/2/24,4956.21,4968.12
2015/2/23,4953.1,4960.97
2015/2/20,4919.78,4955.97
2015/2/19,4901.51,4924.7
2015/2/18,4890.84,4906.36
2015/2/17,4889.99,4899.27
2015/2/13,4869.73,4893.84
2015/2/12,4828.08,4857.61
2015/2/11,4788.37,4801.18
2015/2/10,4754.63,4787.64
2015/2/9,4723.73,4726.01
2015/2/6,4768.84,4744.4
2015/2/5,4729.65,4765.1
2015/2/4,4699.81,4716.7
2015/2/3,4693.25,4727.74
2015/2/2,4650.6,4676.69
2015/1/30,4671.21,4635.24
2015/1/29,4635.73,4683.41
2015/1/28,4740.69,4637.99
2015/1/27,4698.23,4681.5
2015/1/26,4752.36,4771.76
2015/1/23,4748.19,4757.88
2015/1/22,4690.93,4750.4
2015/1/21,4641.95,4667.42
2015/1/20,4655.84,4654.85
2015/1/16,4566.38,4634.38
2015/1/15,4657.46,4570.82
2015/1/14,4610.76,4639.32
2015/1/13,4708.74,4661.5
2015/1/12,4714.07,4664.71
2015/1/9,4744.47,4704.07
2015/1/8,4689.54,4736.19
2015/1/7,4626.84,4650.47
2015/1/6,4666.85,4592.74
2015/1/5,4700.34,4652.57
2015/1/2,4760.24,4726.81
2014/12/31,4790.53,4736.05
2014/12/30,4793.61,4777.44
2014/12/29,4801.26,4806.91
2014/12/26,4788.06,4806.86
2014/12/24,4770.12,4773.47
2014/12/23,4798.03,4765.42
2014/12/22,4759.04,4781.42
2014/12/19,4752.6,4765.38
2014/12/18,4712.39,4748.4
2014/12/17,4556.9,4644.31
2014/12/16,4572.79,4547.83
2014/12/15,4679.67,4605.16
2014/12/12,4665.35,4653.6
2014/12/11,4704.65,4708.16
2014/12/10,4754.42,4684.03
2014/12/9,4685.2,4766.47
2014/12/8,4769.76,4740.69
2014/12/5,4776.58,4780.76
2014/12/4,4772,4769.44
2014/12/3,4761.31,4774.47
2014/12/2,4732.97,4755.81
2014/12/1,4777.73,4727.35
2014/11/28,4797.1,4791.63
2014/11/26,4760.23,4787.32
2014/11/25,4762.39,4758.25
2014/11/24,4725.17,4754.89
2014/11/21,4751.01,4712.97
2014/11/20,4655.2,4701.87
2014/11/19,4694.78,4675.71
2014/11/18,4674.84,4702.44
2014/11/17,4678.43,4671
2014/11/14,4679.85,4688.54
2014/11/13,4681.56,4680.14
2014/11/12,4644.63,4675.13
2014/11/11,4649.19,4660.56
2014/11/10,4635.1,4651.62
2014/11/7,4636.89,4632.53
2014/11/6,4616.78,4638.47
2014/11/5,4649.47,4620.72
2014/11/4,4623.77,4623.64
2014/11/3,4633.71,4638.91
2014/10/31,4639.45,4630.74
2014/10/30,4532.1,4566.14
2014/10/29,4551.37,4549.23
2014/10/28,4505.73,4564.29
2014/10/27,4469.02,4485.93
2014/10/24,4459.46,4483.72
2014/10/23,4427.44,4452.79
2014/10/22,4429.16,4382.85
2014/10/21,4359.17,4419.48
2014/10/20,4254.16,4316.07
2014/10/17,4275.09,4258.44
2014/10/16,4133.25,4217.39
2014/10/15,4154.1,4215.32
2014/10/14,4246.23,4227.17
2014/10/13,4274.91,4213.66
2014/10/10,4354.63,4276.24
2014/10/9,4458.29,4378.34
2014/10/8,4385.7,4468.59
2014/10/7,4433.91,4385.2
2014/10/6,4492.39,4454.8
2014/10/3,4456.8,4475.62
2014/10/2,4421.25,4430.19
2014/10/1,4486.65,4422.09
2014/9/30,4512.64,4493.39
2014/9/29,4465.84,4505.85
2014/9/26,4476.47,4512.19
2014/9/25,4540.82,4466.75
2014/9/24,4514.92,4555.22
2014/9/23,4511.32,4508.69
2014/9/22,4568.45,4527.69
2014/9/19,4606.13,4579.79
2014/9/18,4575.74,4593.43
2014/9/17,4553.96,4562.19
2014/9/16,4502.11,4552.76
2014/9/15,4567.45,4518.9
2014/9/12,4588.77,4567.6
2014/9/11,4567.64,4591.81
2014/9/10,4554.15,4586.52
2014/9/9,4588.83,4552.29
2014/9/8,4579.06,4592.29
2014/9/5,4560.63,4582.9
2014/9/4,4581.52,4562.29
2014/9/3,4610.14,4572.57
2014/9/2,4592.42,4598.19
2014/8/29,4571.76,4580.27
2014/8/28,4552.55,4557.69
2014/8/27,4574.35,4569.62
2014/8/26,4563.81,4570.64
2014/8/25,4563.72,4557.35
2014/8/22,4534.87,4538.55
2014/8/21,4526.72,4532.1
2014/8/20,4517.75,4526.48
2014/8/19,4514.25,4527.51
2014/8/18,4490.53,4508.31
2014/8/15,4479.64,4464.93
2014/8/14,4438.13,4453
2014/8/13,4407.87,4434.13
2014/8/12,4394.69,4389.25
2014/8/11,4387.38,4401.33
2014/8/8,4340.88,4370.9
2014/8/7,4373.24,4334.97
2014/8/6,4326.28,4355.05
2014/8/5,4364.59,4352.84
2014/8/4,4365.62,4383.89
2014/8/1,4363.39,4352.64
2014/7/31,4421.29,4369.77
2014/7/30,4468.44,4462.9
2014/7/29,4456.07,4442.7
2014/7/28,4451.12,4444.91
2014/7/25,4448.06,4449.56
2014/7/24,4481.61,4472.11
2014/7/23,4468.16,4473.7
2014/7/22,4444.94,4456.02
2014/7/21,4421.2,4424.7
2014/7/18,4379.94,4432.15
2014/7/17,4411.52,4363.45
2014/7/16,4446.17,4425.97
2014/7/15,4444.91,4416.39
2014/7/14,4441.39,4440.42
2014/7/11,4401.05,4415.49
2014/7/10,4352.03,4396.2
2014/7/9,4403.03,4419.03
2014/7/8,4442.87,4391.46
2014/7/7,4477.74,4451.53
2014/7/3,4472.89,4485.93
2014/7/2,4457.86,4457.73
2014/7/1,4424.71,4458.65
2014/6/30,4398.37,4408.18
2014/6/27,4371.8,4397.93
2014/6/26,4379.44,4379.05
2014/6/25,4341.82,4379.76
2014/6/24,4367.9,4350.36
2014/6/23,4368.96,4368.68
2014/6/20,4365.37,4368.04
2014/6/19,4370.14,4359.33
2014/6/18,4341.18,4362.84
2014/6/17,4316.01,4337.23
2014/6/16,4303.93,4321.11
2014/6/13,4315.31,4310.65
2014/6/12,4323.11,4297.63
2014/6/11,4322.92,4331.93
2014/6/10,4329.2,4338
2014/6/9,4324.35,4336.24
2014/6/6,4312.76,4321.4
2014/6/5,4259.12,4296.23
2014/6/4,4222.21,4251.64
2014/6/3,4222.04,4234.08
2014/6/2,4247.96,4237.2
2014/5/30,4251.49,4242.62
2014/5/29,4238.04,4247.95
2014/5/28,4234.96,4225.07
2014/5/27,4206.43,4237.07
2014/5/23,4159.78,4185.81
2014/5/22,4136.09,4154.34
2014/5/21,4105.96,4131.54
2014/5/20,4121.11,4096.89
2014/5/19,4080.33,4125.82
2014/5/16,4070.35,4090.59
2014/5/15,4096.53,4069.29
2014/5/14,4122.08,4100.63
2014/5/13,4144.9,4130.17
2014/5/12,4092.84,4143.86
2014/5/9,4043.44,4071.87
2014/5/8,4053.28,4051.5
2014/5/7,4085.49,4067.67
2014/5/6,4128.22,4080.76
2014/5/5,4099.25,4138.06
2014/5/2,4138.63,4123.9
2014/5/1,4121.25,4127.45
2014/4/30,4085.19,4114.56
2014/4/29,4089.51,4103.54
2014/4/28,4091.81,4074.4
2014/4/25,4125.16,4075.56
2014/4/24,4174.61,4148.34
2014/4/23,4160.9,4126.97
2014/4/22,4132.06,4161.46
2014/4/21,4105.36,4121.55
2014/4/17,4080.3,4095.52
2014/4/16,4066.82,4086.23
2014/4/15,4032.63,4034.16
2014/4/14,4038.06,4022.69
2014/4/11,4015.07,3999.73
2014/4/10,4181.21,4054.11
2014/4/9,4129.63,4183.9
2014/4/8,4085.18,4112.99
2014/4/7,4110.92,4079.75
2014/4/4,4263.94,4127.73
2014/4/3,4282.18,4237.74
2014/4/2,4281.61,4276.46
2014/4/1,4219.87,4268.04
2014/3/31,4185.63,4198.99
2014/3/28,4163.18,4155.76
2014/3/27,4169.35,4151.23
2014/3/26,4254.98,4173.58
2014/3/25,4252.65,4234.27
2014/3/24,4289.49,4226.39
2014/3/21,4339.9,4276.79
2014/3/20,4297.99,4319.29
2014/3/19,4331.46,4307.6
2014/3/18,4286.22,4333.31
2014/3/17,4274.22,4279.95
2014/3/14,4250.45,4245.4
2014/3/13,4338.26,4260.42
2014/3/12,4288.6,4323.33
2014/3/11,4342.93,4307.19
2014/3/10,4332.62,4334.45
2014/3/7,4370.98,4336.22
2014/3/6,4368.81,4352.13
2014/3/5,4352.76,4357.97
2014/3/4,4327.85,4351.97
2014/3/3,4261.42,4277.3
2014/2/28,4323.52,4308.12
2014/2/27,4291.47,4318.93
2014/2/26,4300.45,4292.06
2014/2/25,4298.48,4287.59
2014/2/24,4273.32,4292.97
2014/2/21,4282.17,4263.41
2014/2/20,4241.46,4267.55
2014/2/19,4260.74,4237.95
2014/2/18,4253.71,4272.78
2014/2/14,4237,4244.03
2014/2/13,4171.58,4240.67
2014/2/12,4196.85,4201.29
2014/2/11,4154.66,4191.04
2014/2/10,4125.12,4148.17
2014/2/7,4081.82,4125.86
2014/2/6,4022.66,4057.12
2014/2/5,4015.5,4011.55
2014/2/4,4019.44,4031.52
2014/2/3,4105.06,3996.96
2014/1/31,4068.63,4103.88
2014/1/30,4098.81,4123.13
2014/1/29,4060.61,4051.43
2014/1/28,4067.86,4097.96
2014/1/27,4132.22,4083.61
2014/1/24,4194.97,4128.17
2014/1/23,4224.36,4218.87
2014/1/22,4234.58,4243
2014/1/21,4222.98,4225.76
2014/1/17,4207.82,4197.58
2014/1/16,4209.59,4218.69
2014/1/15,4196.53,4214.88
2014/1/14,4129.6,4183.02
2014/1/13,4167.41,4113.3
2014/1/10,4168.94,4174.66
2014/1/9,4179.04,4156.19
2014/1/8,4154.28,4165.61
2014/1/7,4128.57,4153.18
2014/1/6,4137.03,4113.68
2014/1/3,4148.56,4131.91
2014/1/2,4160.03,4143.07
2013/12/31,4161.51,4176.59
2013/12/30,4153.58,4154.2
2013/12/27,4173.36,4156.59
2013/12/26,4164.21,4167.18
2013/12/24,4150.64,4155.42
2013/12/23,4136.14,4148.9
2013/12/20,4064.89,4104.74
2013/12/19,4059.34,4058.13
2013/12/18,4024.67,4070.06
2013/12/17,4028.88,4023.68
2013/12/16,4019.37,4029.52
2013/12/13,4015.53,4000.98
2013/12/12,4004.75,3998.4
2013/12/11,4061.67,4003.81
2013/12/10,4061.17,4060.49
2013/12/9,4073.75,4068.75
2013/12/6,4069.86,4062.52
2013/12/5,4037.99,4033.16
2013/12/4,4020.33,4038
2013/12/3,4038.99,4037.2
2013/12/2,4065.66,4045.26
2013/11/29,4057.16,4059.89
2013/11/27,4026.92,4044.75
2013/11/26,3996.7,4017.75
2013/11/25,4004.37,3994.57
2013/11/22,3977.31,3991.65
2013/11/21,3938.11,3969.15
2013/11/20,3940.98,3921.27
2013/11/19,3945.97,3931.55
2013/11/18,3990.06,3949.07
2013/11/15,3978.27,3985.97
2013/11/14,3956.47,3972.74
2013/11/13,3899.38,3965.58
2013/11/12,3907.82,3919.92
2013/11/11,3913.64,3919.79
2013/11/8,3871.24,3918.12
2013/11/7,3935.81,3857.33
2013/11/6,3952.18,3931.95
2013/11/5,3925.06,3939.86
2013/11/4,3932.6,3936.59
2013/11/1,3932.45,3922.04
2013/10/31,3924.34,3919.71
2013/10/30,3962.4,3930.62
2013/10/29,3954.34,3952.34
2013/10/28,3942.56,3940.13
2013/10/25,3955.98,3943.36
2013/10/24,3911.61,3928.96
2013/10/23,3907.3,3907.07
2013/10/22,3935.54,3929.57
2013/10/21,3922.65,3920.05
2013/10/18,3893.36,3914.28
2013/10/17,3822.85,3863.15
2013/10/16,3815,3839.43
2013/10/15,3810.72,3794.01
2013/10/14,3767.49,3815.27
2013/10/11,3753.22,3791.87
2013/10/10,3677.78,3760.75
2013/10/9,3694.83,3677.78
2013/10/8,3770.38,3694.83
2013/10/7,3807.75,3770.38
2013/10/4,3774.34,3807.75
2013/10/3,3815.02,3774.34
2013/10/2,3817.98,3815.02
2013/10/1,3771.48,3817.98
2013/9/30,3781.59,3771.48
2013/9/27,3787.43,3781.59
2013/9/26,3761.1,3787.43
2013/9/25,3768.25,3761.1
2013/9/24,3765.29,3768.25
2013/9/23,3774.73,3765.29
2013/9/20,3789.38,3774.73
2013/9/19,3783.64,3789.38
2013/9/18,3745.7,3783.64
2013/9/17,3717.85,3745.7
2013/9/16,3722.18,3717.85
2013/9/13,3715.97,3722.18
2013/9/12,3725.01,3715.97
2013/9/11,3729.02,3725.01
2013/9/10,3706.18,3729.02
2013/9/9,3660.01,3706.18
2013/9/6,3658.78,3660.01
2013/9/5,3649.04,3658.78
2013/9/4,3612.61,3649.04
2013/9/3,3589.87,3612.61
2013/8/30,3620.3,3589.87
2013/8/29,3593.35,3620.3
2013/8/28,3578.52,3593.35
2013/8/27,3657.57,3578.52
2013/8/26,3657.79,3657.57
2013/8/23,3638.71,3657.79
2013/8/22,3599.79,3638.71
2013/8/21,3613.59,3599.79
2013/8/20,3589.09,3613.59
2013/8/19,3602.78,3589.09
2013/8/16,3606.12,3602.78
2013/8/15,3669.27,3606.12
2013/8/14,3684.44,3669.27
2013/8/13,3669.95,3684.44
2013/8/12,3660.11,3669.95
2013/8/9,3669.12,3660.11
2013/8/8,3654.01,3669.12
2013/8/7,3665.77,3654.01
2013/8/6,3692.95,3665.77
2013/8/5,3689.59,3692.95
2013/8/2,3675.74,3689.59
2013/8/1,3626.37,3675.74
2013/7/31,3616.47,3626.37
2013/7/30,3599.14,3616.47
2013/7/29,3613.16,3599.14
2013/7/26,3605.19,3613.16
2013/7/25,3579.6,3605.19
2013/7/24,3579.27,3579.6
2013/7/23,3600.39,3579.27
2013/7/22,3587.61,3600.39
2013/7/19,3611.28,3587.61
2013/7/18,3610,3611.28
2013/7/17,3598.5,3610
2013/7/16,3607.49,3598.5
2013/7/15,3600.08,3607.49
2013/7/12,3578.3,3600.08
2013/7/11,3520.76,3578.3
2013/7/10,3504.26,3520.76
2013/7/9,3484.83,3504.26
2013/7/8,3479.38,3484.83
2013/7/5,3443.67,3479.38
2013/7/3,3433.4,3443.67
2013/7/2,3434.49,3433.4
2013/7/1,3403.25,3434.49
2013/6/28,3401.86,3403.25
2013/6/27,3376.22,3401.86
2013/6/26,3347.89,3376.22
2013/6/25,3320.76,3347.89
2013/6/24,3357.25,3320.76
2013/6/21,3364.63,3357.25
2013/6/20,3443.2,3364.63
2013/6/19,3482.18,3443.2
2013/6/18,3452.13,3482.18
2013/6/17,3423.56,3452.13
2013/6/14,3445.37,3423.56
2013/6/13,3400.43,3445.37
2013/6/12,3436.95,3400.43
2013/6/11,3473.77,3436.95
2013/6/10,3469.22,3473.77
2013/6/7,3424.05,3469.22
2013/6/6,3401.48,3424.05
2013/6/5,3445.26,3401.48
2013/6/4,3465.37,3445.26
2013/6/3,3455.91,3465.37
2013/5/31,3491.3,3455.91
2013/5/30,3467.52,3491.3
2013/5/29,3488.89,3467.52
2013/5/28,3459.14,3488.89
2013/5/24,3459.42,3459.14
2013/5/23,3463.3,3459.42
2013/5/22,3502.12,3463.3
2013/5/21,3496.43,3502.12
2013/5/20,3498.97,3496.43
2013/5/17,3465.24,3498.97
2013/5/16,3471.62,3465.24
2013/5/15,3462.61,3471.62
2013/5/14,3438.79,3462.61
2013/5/13,3436.58,3438.79
2013/5/10,3409.17,3436.58
2013/5/9,3413.27,3409.17
2013/5/8,3396.63,3413.27
2013/5/7,3392.97,3396.63
2013/5/6,3378.63,3392.97
2013/5/3,3340.62,3378.63
2013/5/2,3299.13,3340.62
2013/5/1,3328.79,3299.13
2013/4/30,3307.02,3328.79
2013/4/29,3279.26,3307.02
2013/4/26,3289.99,3279.26
2013/4/25,3269.65,3289.99
2013/4/24,3269.33,3269.65
2013/4/23,3233.55,3269.33
2013/4/22,3206.06,3233.55
2013/4/19,3166.36,3206.06
2013/4/18,3204.67,3166.36
2013/4/17,3264.63,3204.67
2013/4/16,3216.49,3264.63
2013/4/15,3294.95,3216.49
2013/4/12,3300.16,3294.95
2013/4/11,3297.25,3300.16
2013/4/10,3237.86,3297.25
2013/4/9,3222.25,3237.86
2013/4/8,3203.86,3222.25
2013/4/5,3224.98,3203.86
2013/4/4,3218.6,3224.98
2013/4/3,3254.86,3218.6
2013/4/2,3239.17,3254.86
2013/4/1,3267.52,3239.17
2013/3/28,3256.52,3267.52
2013/3/27,3252.48,3256.52
2013/3/26,3235.3,3252.48
2013/3/25,3245,3235.3
2013/3/22,3222.6,3245
2013/3/21,3254.19,3222.6
2013/3/20,3229.1,3254.19
2013/3/19,3237.59,3229.1
2013/3/18,3249.07,3237.59
2013/3/15,3258.93,3249.07
2013/3/14,3245.12,3258.93
2013/3/13,3242.32,3245.12
2013/3/12,3252.87,3242.32
2013/3/11,3244.37,3252.87
2013/3/8,3232.09,3244.37
2013/3/7,3222.37,3232.09
2013/3/6,3224.13,3222.37
2013/3/5,3182.03,3224.13
2013/3/4,3169.74,3182.03
2013/3/1,3160.19,3169.74
2013/2/28,3162.26,3160.19
2013/2/27,3129.65,3162.26
2013/2/26,3116.25,3129.65
2013/2/25,3161.82,3116.25
2013/2/22,3131.49,3161.82
2013/2/21,3164.41,3131.49
2013/2/20,3213.59,3164.41
2013/2/19,3192.03,3213.59
2013/2/15,3198.66,3192.03
2013/2/14,3196.88,3198.66
2013/2/13,3186.49,3196.88
2013/2/12,3192,3186.49
2013/2/11,3193.87,3192
2013/2/8,3165.13,3193.87
2013/2/7,3168.48,3165.13
2013/2/6,3171.58,3168.48
2013/2/5,3131.17,3171.58
2013/2/4,3179.1,3131.17
2013/2/1,3142.13,3179.1
2013/1/31,3142.31,3142.13
2013/1/30,3153.66,3142.31
2013/1/29,3154.3,3153.66
2013/1/28,3149.71,3154.3
2013/1/25,3130.38,3149.71
2013/1/24,3153.67,3130.38
2013/1/23,3143.18,3153.67
2013/1/22,3134.71,3143.18
2013/1/18,3136,3134.71
2013/1/17,3117.54,3136
2013/1/16,3110.78,3117.54
2013/1/15,3117.5,3110.78
2013/1/14,3125.63,3117.5
2013/1/11,3121.76,3125.63
2013/1/10,3105.81,3121.76
2013/1/9,3091.81,3105.81
2013/1/8,3098.81,3091.81
2013/1/7,3101.66,3098.81
2013/1/4,3100.57,3101.66
2013/1/3,3112.26,3100.57
2013/1/2,3019.51,3112.26
2012/12/31,2960.31,3019.51
2012/12/28,2985.91,2960.31
2012/12/27,2990.16,2985.91
2012/12/26,3012.6,2990.16
2012/12/24,3021.01,3012.6
2012/12/21,2998.6,3021.01
2012/12/20,3050.3,3050.39
2012/12/19,3059.03,3044.36
2012/12/18,3020.82,3054.53
2012/12/17,2975.5,3010.6
2012/12/14,2976.95,2971.33
2012/12/13,3007.83,2992.16
2012/12/12,3033.93,3013.81
2012/12/11,3005.43,3022.3
2012/12/10,2973.19,2986.96
2012/12/7,2999.69,2978.04
2012/12/6,2967.99,2989.27
2012/12/5,2993.2,2973.7
2012/12/4,3000.44,2996.69
2012/12/3,3029.21,3002.2
2012/11/30,3013.25,3010.24
2012/11/29,3005.41,3012.03
2012/11/28,2952.02,2991.78
2012/11/27,2974.56,2967.79
2012/11/26,2961.02,2976.78
2012/11/23,2943.62,2966.85
2012/11/21,2919.14,2926.55
2012/11/20,2910.73,2916.68
2012/11/19,2886,2916.07
2012/11/16,2838.9,2853.13
2012/11/15,2847.84,2836.94
2012/11/14,2896.81,2846.81
2012/11/13,2880.77,2883.89
2012/11/12,2916.38,2904.26
2012/11/9,2892.57,2904.87
2012/11/8,2942.09,2895.58
2012/11/7,2976.46,2937.29
2012/11/6,3003.71,3011.93
2012/11/5,2983.03,2999.66
2012/11/2,3033.85,2982.13
2012/11/1,2987.54,3020.06
2012/10/31,2986.85,2977.23
2012/10/26,2986.05,2987.95
2012/10/25,3005.04,2986.12
2012/10/24,3011.82,2981.7
2012/10/23,2989.44,2990.46
2012/10/22,3005.92,3016.96
2012/10/19,3066.56,3005.62
2012/10/18,3097.77,3072.87
2012/10/17,3091.38,3104.12
2012/10/16,3073.21,3101.17
2012/10/15,3053.21,3064.18
2012/10/12,3049.08,3044.11
2012/10/11,3075.89,3049.41
2012/10/10,3066.25,3051.78
2012/10/9,3108.01,3065.02
2012/10/8,3121.33,3112.35
2012/10/5,3161.21,3136.19
2012/10/4,3142.38,3149.46
2012/10/3,3130.85,3135.23
2012/10/2,3127.73,3120.04
2012/10/1,3130.31,3113.53
2012/9/28,3125.31,3116.23
2012/9/27,3105.87,3136.6
2012/9/26,3113.4,3093.7
2012/9/25,3170.37,3117.73
2012/9/24,3155.35,3160.78
2012/9/21,3194.86,3179.96
2012/9/20,3166.84,3175.96
2012/9/19,3179.04,3182.62
2012/9/18,3173.62,3177.8
2012/9/17,3183.4,3178.67
2012/9/14,3166.24,3183.95
2012/9/13,3117.66,3155.83
2012/9/12,3115.33,3114.31
2012/9/11,3105.02,3104.53
2012/9/10,3131.34,3104.02
2012/9/7,3133.22,3136.42
2012/9/6,3087.94,3135.81
2012/9/5,3072.58,3069.27
2012/9/4,3063.25,3075.06
2012/8/31,3069.64,3066.96
2012/8/30,3066.73,3048.71
2012/8/29,3078.05,3081.19
2012/8/28,3069.4,3077.14
2012/8/27,3083.62,3073.19
2012/8/24,3045.22,3069.79
2012/8/23,3065.82,3053.4
2012/8/22,3059.94,3073.67
2012/8/21,3085.25,3067.26
2012/8/20,3072.66,3076.21
2012/8/17,3067.11,3076.59
2012/8/16,3037.18,3062.39
2012/8/15,3013.33,3030.93
2012/8/14,3032.67,3016.98
2012/8/13,3018.27,3022.52
2012/8/10,3008.83,3020.86
2012/8/9,3009.86,3018.64
2012/8/8,3003.77,3011.25
2012/8/7,3002.66,3015.86
2012/8/6,2978.16,2989.91
2012/8/3,2951.28,2967.9
2012/8/2,2900.46,2909.77
2012/8/1,2956.72,2920.21
2012/7/31,2945.08,2939.52
2012/7/30,2959.07,2945.84
2012/7/27,2906.5,2958.09
2012/7/26,2896.68,2893.25
2012/7/25,2856.78,2854.24
2012/7/24,2894.95,2862.99
2012/7/23,2877.51,2890.15
2012/7/20,2957.02,2925.3
2012/7/19,2961.71,2965.9
2012/7/18,2904.24,2942.6
2012/7/17,2911.46,2910.04
2012/7/16,2903.03,2896.94
2012/7/13,2874.06,2908.47
2012/7/12,2867.08,2866.19
2012/7/11,2898.77,2887.98
2012/7/10,2945.35,2902.33
2012/7/9,2934.49,2931.77
2012/7/6,2955.2,2937.33
2012/7/5,2970.37,2976.12
2012/7/3,2950.81,2976.08
2012/7/2,2938.41,2951.23
2012/6/29,2902.44,2935.05
2012/6/28,2853.89,2849.49
2012/6/27,2862.13,2875.32
2012/6/26,2845.4,2854.06
2012/6/25,2863.89,2836.16
2012/6/22,2866.17,2892.42
2012/6/21,2929.15,2859.09
2012/6/20,2932.96,2930.45
2012/6/19,2909.87,2929.76
2012/6/18,2872.49,2895.33
2012/6/15,2839.4,2872.8
2012/6/14,2820.63,2836.33
2012/6/13,2838.12,2818.61
2012/6/12,2815.84,2843.07
2012/6/11,2882.49,2809.73
2012/6/8,2823.82,2858.42
2012/6/7,2872.05,2831.02
2012/6/6,2796.23,2844.72
2012/6/5,2749.35,2778.11
2012/6/4,2747.61,2760.01
2012/6/1,2810.13,2747.48
2012/5/31,2837.37,2827.34
2012/5/30,2847.27,2837.36
2012/5/29,2853.27,2870.99
2012/5/25,2839.74,2837.53
2012/5/24,2856.55,2839.38
2012/5/23,2832.17,2850.12
2012/5/22,2853.87,2839.08
2012/5/21,2782.55,2847.21
2012/5/18,2814.43,2778.79
2012/5/17,2874.71,2813.69
2012/5/16,2904.67,2874.04
2012/5/15,2902.3,2893.76
2012/5/14,2907.78,2902.58
2012/5/11,2919.35,2933.82
2012/5/10,2950.21,2933.64
2012/5/9,2912.41,2934.71
2012/5/8,2939.36,2946.27
2012/5/7,2940.41,2957.76
2012/5/4,3001.15,2956.34
2012/5/3,3061.13,3024.3
2012/5/2,3035.07,3059.85
2012/5/1,3044.79,3050.44
2012/4/30,3060.06,3046.36
2012/4/27,3060.34,3069.2
2012/4/26,3029.62,3050.61
2012/4/25,3013.65,3029.63
2012/4/24,2967.37,2961.6
2012/4/23,2969,2970.45
2012/4/20,3023.73,3000.45
2012/4/19,3028.2,3007.56
2012/4/18,3031.82,3031.45
2012/4/17,3002.02,3042.82
2012/4/16,3027.57,2988.4
2012/4/13,3045.08,3011.33
2012/4/12,3023.11,3055.55
2012/4/11,3020.15,3016.46
2012/4/10,3044.67,2991.22
2012/4/9,3037.28,3047.08
2012/4/5,3061.75,3080.5
2012/4/4,3085.46,3068.09
2012/4/3,3119.65,3113.57
2012/4/2,3085.94,3119.7
2012/3/30,3110.97,3091.57
2012/3/29,3087.25,3095.36
2012/3/28,3123.84,3104.96
2012/3/27,3124.06,3120.35
2012/3/26,3090.52,3122.57
2012/3/23,3066.37,3067.92
2012/3/22,3055,3063.32
2012/3/21,3077.44,3075.32
2012/3/20,3060.93,3074.15
2012/3/19,3057.24,3078.32
2012/3/16,3058.49,3055.26
2012/3/15,3048.58,3056.37
2012/3/14,3042.21,3040.73
2012/3/13,3003.71,3039.88
2012/3/12,2989.05,2983.66
2012/3/9,2975.09,2988.34
2012/3/8,2954.4,2970.42
2012/3/7,2922.57,2935.69
2012/3/6,2917.52,2910.32
2012/3/5,2969.73,2950.48
2012/3/2,2986.08,2976.19
2012/3/1,2979.11,2988.97
2012/2/29,2991.67,2966.89
2012/2/28,2969.25,2986.76
2012/2/27,2945.87,2966.16
2012/2/24,2963.13,2963.75
2012/2/23,2933.16,2956.98
2012/2/22,2942.77,2933.17
2012/2/21,2957.3,2948.57
2012/2/17,2958.22,2951.78
2012/2/16,2915.67,2959.85
2012/2/15,2943.42,2915.83
2012/2/14,2921.7,2931.83
2012/2/13,2926.21,2931.39
2012/2/10,2902,2903.88
2012/2/9,2922.46,2927.23
2012/2/8,2906.59,2915.86
2012/2/7,2895.91,2904.08
2012/2/6,2892.52,2901.99
2012/2/3,2888.95,2905.66
2012/2/2,2854.1,2859.68
2012/2/1,2830.1,2848.27
2012/1/31,2825.76,2813.84
2012/1/30,2790.4,2811.94
2012/1/27,2797.66,2816.55
2012/1/26,2828.78,2805.28
2012/1/25,2803.23,2818.31
2012/1/24,2771.58,2786.64
2012/1/23,2786.21,2784.17
2012/1/20,2776.04,2786.7
2012/1/19,2779.74,2788.33
2012/1/18,2731.16,2769.71
2012/1/17,2736.34,2728.08
2012/1/13,2707.41,2710.67
2012/1/12,2716.87,2724.7
2012/1/11,2695.77,2710.76
2012/1/10,2704.42,2702.5
2012/1/9,2682.98,2676.56
2012/1/6,2671.17,2674.22
2012/1/5,2642.57,2669.86
2012/1/4,2639.9,2648.36
2012/1/3,2657.39,2648.72
2011/12/30,2610.23,2605.15
2011/12/29,2596.33,2613.74
2011/12/28,2626.19,2589.98
2011/12/27,2613.51,2625.2
2011/12/23,2607.43,2618.64
2011/12/22,2584.33,2599.45
2011/12/21,2589.77,2577.97
2011/12/20,2567.25,2603.73
2011/12/19,2564.07,2523.14
2011/12/16,2554.62,2555.33
2011/12/15,2565.93,2541.01
2011/12/14,2566.21,2539.31
2011/12/13,2629.67,2579.27
2011/12/12,2617.32,2612.26
2011/12/9,2603.18,2646.85
2011/12/8,2633.3,2596.38
2011/12/7,2638.61,2649.21
2011/12/6,2655.02,2649.56
2011/12/5,2666.47,2655.76
2011/12/2,2650.8,2626.93
2011/12/1,2615.67,2626.2
2011/11/30,2586.39,2620.34
2011/11/29,2529.11,2515.51
2011/11/28,2509.63,2527.34
2011/11/25,2453.03,2441.51
2011/11/23,2501.18,2460.08
2011/11/22,2517.64,2521.28
2011/11/21,2535.34,2523.14
2011/11/18,2595.02,2572.5
2011/11/17,2637.37,2587.99
2011/11/16,2661.09,2639.61
2011/11/15,2647.91,2686.2
2011/11/14,2671.11,2657.22
2011/11/11,2653.53,2678.75
2011/11/10,2652.01,2625.15
2011/11/9,2662.56,2621.65
2011/11/8,2712.08,2727.49
2011/11/7,2683.38,2695.25
2011/11/4,2678.16,2686.15
2011/11/3,2666.21,2697.97
2011/11/2,2637.56,2639.98
2011/11/1,2607.31,2606.96
2011/10/31,2705.89,2684.41
2011/10/28,2724.03,2737.15
2011/10/27,2720.59,2738.63
2011/10/26,2660.42,2650.67
2011/10/25,2685.86,2638.42
2011/10/24,2644.83,2699.44
2011/10/21,2630.3,2637.46
2011/10/20,2605.42,2598.62
2011/10/19,2642.89,2604.04
2011/10/18,2614.05,2657.43
2011/10/17,2653.32,2614.92
2011/10/14,2655.23,2667.85
2011/10/13,2595.05,2620.24
2011/10/12,2606.61,2604.73
2011/10/11,2554.7,2583.03
2011/10/10,2522.72,2566.05
2011/10/7,2509.61,2479.35
2011/10/6,2459.05,2506.82
2011/10/5,2398.37,2460.51
2011/10/4,2312.68,2404.82
2011/10/3,2401.19,2335.83
2011/9/30,2444.77,2415.4
2011/9/29,2535.52,2480.76
2011/9/28,2557.86,2491.58
2011/9/27,2560.78,2546.83
2011/9/26,2496.98,2516.69
2011/9/23,2438.63,2483.23
2011/9/22,2466.06,2455.67
2011/9/21,2601.06,2538.19
2011/9/20,2623.89,2590.24
2011/9/19,2584.35,2612.83
2011/9/16,2607.12,2622.31
2011/9/15,2595.45,2607.07
2011/9/14,2548.45,2572.55
2011/9/13,2502.59,2532.15
2011/9/12,2442.86,2495.09
2011/9/9,2508.12,2467.99
2011/9/8,2533.81,2529.14
2011/9/7,2511.5,2548.94
2011/9/6,2417.61,2473.83
2011/9/2,2497.28,2480.33
2011/9/1,2583.34,2546.04
2011/8/31,2589.75,2579.46
2011/8/30,2547.07,2576.11
2011/8/29,2510.99,2562.11
2011/8/26,2408.79,2479.85
2011/8/25,2470.96,2419.63
2011/8/24,2437.48,2467.69
2011/8/23,2360.95,2446.06
2011/8/22,2396.88,2345.38
2011/8/19,2353.32,2341.84
2011/8/18,2436.38,2380.43
2011/8/17,2527.79,2511.48
2011/8/16,2526.48,2523.45
2011/8/15,2522.04,2555.2
2011/8/12,2507.01,2507.98
2011/8/11,2415.54,2492.68
2011/8/10,2425.55,2381.05
2011/8/9,2402.13,2482.52
2011/8/8,2447.3,2357.69
2011/8/5,2580.3,2532.41
2011/8/4,2648.38,2556.39
2011/8/3,2673.97,2693.07
2011/8/2,2728.29,2669.24
2011/8/1,2791.45,2744.61
2011/7/29,2736.67,2756.38
2011/7/28,2765.61,2766.25
2011/7/27,2823.62,2764.79
2011/7/26,2842.74,2839.96
2011/7/25,2832.11,2842.8
2011/7/22,2834.46,2858.83
2011/7/21,2818.79,2834.43
2011/7/20,2839.39,2814.23
2011/7/19,2790.98,2826.52
2011/7/18,2777.61,2765.11
2011/7/15,2787.33,2789.8
2011/7/14,2804.82,2762.67
2011/7/13,2800.88,2796.92
2011/7/12,2798.75,2781.91
2011/7/11,2828.1,2802.62
2011/7/8,2841.29,2859.81
2011/7/7,2856.25,2872.66
2011/7/6,2821.42,2834.02
2011/7/5,2817.87,2825.77
2011/7/1,2775.08,2816.03
2011/6/30,2749.37,2773.52
2011/6/29,2736.76,2740.49
2011/6/28,2694.26,2729.31
2011/6/27,2653.07,2688.28
2011/6/24,2681.1,2652.89
2011/6/23,2638.6,2686.75
2011/6/22,2677.18,2669.19
2011/6/21,2640.33,2687.26
2011/6/20,2608.05,2629.66
2011/6/17,2646.29,2616.48
2011/6/16,2631.98,2623.7
2011/6/15,2653.17,2631.46
2011/6/14,2662.73,2678.72
2011/6/13,2649.3,2639.69
2011/6/10,2675.1,2643.73
2011/6/9,2678.52,2684.87
2011/6/8,2693.69,2675.38
2011/6/7,2712.79,2701.56
2011/6/6,2728.31,2702.56
2011/6/3,2740.49,2732.78
2011/6/2,2773.76,2773.31
2011/6/1,2829.39,2769.19
2011/5/31,2824.25,2835.3
2011/5/27,2789.02,2796.86
2011/5/26,2756.31,2782.92
2011/5/25,2739.99,2761.38
2011/5/24,2766.7,2746.16
2011/5/23,2761.96,2758.9
2011/5/20,2815.96,2803.32
2011/5/19,2824.05,2823.31
2011/5/18,2782.65,2815
2011/5/17,2769.17,2783.21
2011/5/16,2815.9,2782.31
2011/5/13,2859.7,2828.47
2011/5/12,2833.67,2863.04
2011/5/11,2867.16,2845.06
2011/5/10,2851.91,2871.89
2011/5/9,2828.24,2843.25
2011/5/6,2840.71,2827.56
2011/5/5,2812.84,2814.72
2011/5/4,2842.92,2828.23
2011/5/3,2859.3,2841.62
2011/5/2,2881.28,2864.08
2011/4/29,2869.74,2873.54
2011/4/28,2862.82,2872.53
2011/4/27,2853.88,2869.88
2011/4/26,2832.48,2847.54
2011/4/25,2820.28,2825.88
2011/4/21,2820.77,2820.16
2011/4/20,2788.84,2802.51
2011/4/19,2741.35,2744.97
2011/4/18,2731.22,2735.38
2011/4/15,2752.87,2764.65
2011/4/14,2743.12,2760.22
2011/4/13,2762.69,2761.52
2011/4/12,2755.89,2744.79
2011/4/11,2789.49,2771.51
2011/4/8,2806.29,2780.42
2011/4/7,2799.59,2796.14
2011/4/6,2808.11,2799.82
2011/4/5,2787.78,2791.19
2011/4/4,2796.26,2789.19
2011/4/1,2796.67,2789.6
2011/3/31,2774.23,2781.07
2011/3/30,2772.36,2776.79
2011/3/29,2727.83,2756.89
2011/3/28,2752.33,2730.68
2011/3/25,2746.34,2743.06
2011/3/24,2715.88,2736.42
2011/3/23,2677.56,2698.3
2011/3/22,2692.13,2683.87
2011/3/21,2675.47,2692.09
2011/3/18,2665.54,2643.67
2011/3/17,2656.08,2636.05
2011/3/16,2652.92,2616.82
2011/3/15,2619.4,2667.33
2011/3/14,2695.66,2700.97
2011/3/11,2689.65,2715.61
2011/3/10,2719.29,2701.02
2011/3/9,2756.34,2751.72
2011/3/8,2745.23,2765.77
2011/3/7,2793.19,2745.63
2011/3/4,2797.64,2784.67
2011/3/3,2774.48,2798.74
2011/3/2,2735.05,2748.07
2011/3/1,2791.08,2737.41
2011/2/28,2791.28,2782.27
2011/2/25,2752.16,2781.05
2011/2/24,2726.59,2737.9
2011/2/23,2755.2,2722.99
2011/2/22,2795.44,2756.42
2011/2/18,2833.35,2833.95
2011/2/17,2816.12,2831.58
2011/2/16,2815.09,2825.56
2011/2/15,2809.02,2804.35
2011/2/14,2810.19,2817.18
2011/2/11,2783.16,2809.44
2011/2/10,2764.76,2790.45
2011/2/9,2791.13,2789.07
2011/2/8,2782.41,2797.05
2011/2/7,2773.26,2783.99
2011/2/4,2755.85,2769.3
2011/2/3,2746.74,2753.88
2011/2/2,2744.68,2749.56
2011/2/1,2717.61,2751.19
2011/1/31,2693.3,2700.08
2011/1/28,2755.28,2686.89
2011/1/27,2745.16,2755.28
2011/1/26,2724.52,2739.5
2011/1/25,2704.25,2719.25
2011/1/24,2693.03,2717.55
2011/1/21,2716.92,2689.54
2011/1/20,2712.4,2704.29
2011/1/19,2762.81,2725.36
2011/1/18,2744.8,2765.85
2011/1/14,2732.48,2755.3
2011/1/13,2734.93,2735.29
2011/1/12,2731.45,2737.33
2011/1/11,2719.6,2716.83
2011/1/10,2691.47,2707.8
2011/1/7,2712.75,2703.17
2011/1/6,2704.38,2709.89
2011/1/5,2673.91,2702.2
2011/1/4,2699.86,2681.25
2011/1/3,2676.65,2691.52
2010/12/31,2660.58,2652.87
2010/12/30,2665.68,2662.98
2010/12/29,2667.18,2666.93
2010/12/28,2671.85,2662.88
2010/12/27,2657.09,2667.27
2010/12/23,2667.42,2665.6
2010/12/22,2669,2671.48
2010/12/21,2658.94,2667.61
2010/12/20,2651.98,2649.56
2010/12/17,2643.35,2642.97
2010/12/16,2620.56,2637.31
2010/12/15,2625.81,2617.22
2010/12/14,2631.34,2627.72
2010/12/13,2645.35,2624.91
2010/12/10,2623.28,2637.54
2010/12/9,2623.15,2616.67
2010/12/8,2604.57,2609.16
2010/12/7,2623.15,2598.49
2010/12/6,2591.28,2594.92
2010/12/3,2569.02,2591.46
2010/12/2,2553.68,2579.35
2010/12/1,2535.19,2549.43
2010/11/30,2497.12,2498.23
2010/11/29,2522.24,2525.22
2010/11/26,2525.91,2534.56
2010/11/24,2519.89,2543.12
2010/11/23,2504.21,2494.95
2010/11/22,2509.39,2532.02
2010/11/19,2510.79,2518.12
2010/11/18,2504.41,2514.4
2010/11/17,2471.27,2476.01
2010/11/16,2494.21,2469.84
2010/11/15,2529.02,2513.82
2010/11/12,2540.47,2518.21
2010/11/11,2534.24,2555.52
2010/11/10,2564.31,2578.78
2010/11/9,2587.08,2562.98
2010/11/8,2570.86,2580.05
2010/11/5,2577.63,2578.98
2010/11/4,2569.27,2577.34
2010/11/3,2532.83,2540.27
2010/11/2,2525.94,2533.52
2010/11/1,2520.45,2504.84
2010/10/29,2505.99,2507.41
2010/10/28,2516.16,2507.37
2010/10/27,2484.09,2503.26
2010/10/26,2476.51,2497.29
2010/10/25,2491.62,2490.85
2010/10/22,2461.6,2479.39
2010/10/21,2470.72,2459.67
2010/10/20,2443.2,2457.39
2010/10/19,2442.21,2436.95
2010/10/18,2470.12,2480.66
2010/10/15,2461.7,2468.77
2010/10/14,2441.21,2435.38
2010/10/13,2432.55,2441.23
2010/10/12,2397.7,2417.92
2010/10/11,2403.46,2402.33
2010/10/8,2384.76,2401.91
2010/10/7,2391.63,2383.67
2010/10/6,2395.16,2380.66
2010/10/5,2368.52,2399.83
2010/10/4,2362.25,2344.52
2010/10/1,2386.82,2370.75
2010/9/30,2390.96,2368.62
2010/9/29,2372.37,2376.56
2010/9/28,2373.13,2379.59
2010/9/27,2379.73,2369.77
2010/9/24,2356.26,2381.22
2010/9/23,2316.71,2327.08
2010/9/22,2339.91,2334.55
2010/9/21,2355.27,2349.35
2010/9/20,2322.8,2355.83
2010/9/17,2318.42,2315.61
2010/9/16,2297.51,2303.25
2010/9/15,2283.17,2301.32
2010/9/14,2281.31,2289.77
2010/9/13,2263.8,2285.71
2010/9/10,2239.08,2242.48
2010/9/9,2251.09,2236.2
2010/9/8,2216.07,2228.87
2010/9/7,2227.26,2208.89
2010/9/3,2227.96,2233.75
2010/9/2,2178.99,2200.01
2010/9/1,2142.75,2176.84
2010/8/31,2109.76,2114.03
2010/8/30,2145.76,2119.97
2010/8/27,2134.16,2153.63
2010/8/26,2148.49,2118.69
2010/8/25,2109.15,2141.54
2010/8/24,2131,2123.76
2010/8/23,2188.34,2159.63
2010/8/20,2172.26,2179.76
2010/8/19,2204.8,2178.95
2010/8/18,2205.3,2215.7
2010/8/17,2197.09,2209.44
2010/8/16,2161.31,2181.87
2010/8/13,2183.09,2173.48
2010/8/12,2164.64,2190.27
2010/8/11,2236.93,2208.63
2010/8/10,2280.06,2277.17
2010/8/9,2298.81,2305.69
2010/8/6,2267.42,2288.47
2010/8/5,2291.22,2293.06
2010/8/4,2291.09,2303.57
2010/8/3,2291.75,2283.52
2010/8/2,2283.32,2295.36
2010/7/30,2227.29,2254.7
2010/7/29,2279.07,2251.69
2010/7/28,2284.62,2264.56
2010/7/27,2306.62,2288.25
2010/7/26,2271.62,2296.43
2010/7/23,2234.34,2269.47
2010/7/22,2216.04,2245.89
2010/7/21,2236.13,2187.33
2010/7/20,2165.35,2222.49
2010/7/19,2185.81,2198.23
2010/7/16,2231.71,2179.05
2010/7/15,2247.76,2249.08
2010/7/14,2246.99,2249.84
2010/7/13,2221.25,2242.03
2010/7/12,2194.12,2198.36
2010/7/9,2174.2,2196.45
2010/7/8,2174.96,2175.4
2010/7/7,2099.66,2159.47
2010/7/6,2122.28,2093.88
2010/7/2,2105.5,2091.79
2010/7/1,2110.75,2101.36
2010/6/30,2134.03,2109.24
2010/6/29,2183.92,2135.18
2010/6/28,2227.43,2220.65
2010/6/25,2224.73,2223.48
2010/6/24,2246.2,2217.42
2010/6/23,2264.41,2254.23
2010/6/22,2296.83,2261.8
2010/6/21,2341.11,2289.09
2010/6/18,2308.94,2309.8
2010/6/17,2316.59,2307.16
2010/6/16,2293.56,2305.93
2010/6/15,2256.48,2305.88
2010/6/14,2263.66,2243.96
2010/6/11,2199.4,2243.6
2010/6/10,2188.71,2218.71
2010/6/9,2184.78,2158.85
2010/6/8,2176.07,2170.57
2010/6/7,2226.6,2173.9
2010/6/4,2257.05,2219.17
2010/6/3,2285.76,2303.03
2010/6/2,2234.59,2281.07
2010/6/1,2244.79,2222.33
2010/5/28,2275.19,2257.04
2010/5/27,2244.82,2277.68
2010/5/26,2226.24,2195.88
2010/5/25,2157.45,2210.95
2010/5/24,2220.6,2213.55
2010/5/21,2169.58,2229.04
2010/5/20,2245.56,2204.01
2010/5/19,2307.78,2298.37
2010/5/18,2372.84,2317.26
2010/5/17,2352.77,2354.23
2010/5/14,2373.88,2346.85
2010/5/13,2416.36,2394.36
2010/5/12,2388.64,2425.02
2010/5/11,2347.7,2375.31
2010/5/10,2365.97,2374.67
2010/5/7,2308.71,2265.64
2010/5/6,2391.21,2319.64
2010/5/5,2395.21,2402.29
2010/5/4,2465.55,2424.25
2010/5/3,2472.32,2498.74
2010/4/30,2509.99,2461.19
2010/4/29,2487.33,2511.92
2010/4/28,2483.03,2471.73
2010/4/27,2512.58,2471.47
2010/4/26,2529.85,2522.95
2010/4/23,2514.85,2530.15
2010/4/22,2483.52,2519.07
2010/4/21,2506.61,2504.61
2010/4/20,2492.72,2500.31
2010/4/19,2477.8,2480.11
2010/4/16,2505.38,2481.26
2010/4/15,2503.41,2515.69
2010/4/14,2481.8,2504.86
2010/4/13,2454.95,2465.99
2010/4/12,2455.4,2457.87
2010/4/9,2441.31,2454.05
2010/4/8,2423.99,2436.81
2010/4/7,2433.1,2431.16
2010/4/6,2420.33,2436.81
2010/4/5,2409.48,2429.53
2010/4/1,2411.68,2402.58
2010/3/31,2402.98,2397.96
2010/3/30,2406.69,2410.69
2010/3/29,2403.77,2404.36
2010/3/26,2406.73,2395.13
2010/3/25,2415.24,2397.41
2010/3/24,2406.72,2398.76
2010/3/23,2397.9,2415.24
2010/3/22,2360.35,2395.4
2010/3/19,2391.2,2374.41
2010/3/18,2387.54,2391.28
2010/3/17,2381.65,2389.09
2010/3/16,2367.32,2378.01
2010/3/15,2361.92,2362.21
2010/3/12,2376.07,2367.66
2010/3/11,2351.11,2368.46
2010/3/10,2340.95,2358.95
2010/3/9,2325.78,2340.68
2010/3/8,2326.25,2332.21
2010/3/5,2304.01,2326.35
2010/3/4,2282.57,2292.31
2010/3/3,2284.82,2280.68
2010/3/2,2279.07,2280.79
2010/3/1,2247.4,2273.57
2010/2/26,2234.44,2238.26
2010/2/25,2208.62,2234.22
2010/2/24,2222.4,2235.9
2010/2/23,2238.01,2213.44
2010/2/22,2250.92,2242.03
2010/2/19,2233.33,2243.87
2010/2/18,2223.22,2241.71
2010/2/17,2222.87,2226.29
2010/2/16,2200.38,2214.19
2010/2/12,2157.69,2183.53
2010/2/11,2145.09,2177.41
2010/2/10,2147.46,2147.87
2010/2/9,2153.1,2150.87
2010/2/8,2140.1,2126.05
2010/2/5,2131.92,2141.12
2010/2/4,2176.39,2125.43
2010/2/3,2181.01,2190.91
2010/2/2,2171.66,2190.06
2010/2/1,2155.81,2171.2
2010/1/29,2198.26,2147.35
2010/1/28,2220.31,2179
2010/1/27,2200.3,2221.41
2010/1/26,2203.44,2203.73
2010/1/25,2220.29,2210.8
2010/1/22,2255.76,2205.29
2010/1/21,2298.23,2265.7
2010/1/20,2304.31,2291.25
2010/1/19,2291.02,2320.4
2010/1/15,2316.98,2287.99
2010/1/14,2303.31,2316.74
2010/1/13,2289.46,2307.9
2010/1/12,2297.28,2282.31
2010/1/11,2324.78,2312.41
2010/1/8,2292.24,2317.17
2010/1/7,2298.09,2300.05
2010/1/6,2307.71,2301.09
2010/1/5,2307.27,2308.71
2010/1/4,2294.41,2308.42
2009/12/31,2292.92,2269.15
2009/12/30,2284.56,2291.28
2009/12/29,2293.94,2288.4
2009/12/28,2290.04,2291.08
2009/12/24,2273.95,2285.69
2009/12/23,2257.21,2269.64
2009/12/22,2242.61,2252.67
2009/12/21,2224.04,2237.66
2009/12/18,2197.57,2211.69
2009/12/17,2193.5,2180.05
2009/12/16,2210.35,2206.91
2009/12/15,2203.54,2201.05
2009/12/14,2202.31,2212.1
2009/12/11,2200.96,2190.31
2009/12/10,2194.9,2190.86
2009/12/9,2170.02,2183.73
2009/12/8,2174.72,2172.99
2009/12/7,2191.35,2189.61
2009/12/4,2203.75,2194.35
2009/12/3,2190.42,2173.14
2009/12/2,2178.51,2185.03
2009/12/1,2162.23,2175.81
2009/11/30,2135.93,2144.6
2009/11/27,2115.96,2138.44
2009/11/25,2115.96,2138.44
2009/11/24,2174.69,2169.18
2009/11/23,2168.95,2176.01
2009/11/20,2145.07,2146.04
2009/11/19,2176.37,2156.82
2009/11/18,2199.87,2193.14
2009/11/17,2190.12,2203.78
2009/11/16,2177.31,2197.85
2009/11/13,2156.68,2167.88
2009/11/12,2166.98,2149.02
2009/11/11,2166.53,2166.9
2009/11/10,2147.24,2151.08
2009/11/9,2128.46,2154.06
2009/11/6,2089.49,2112.44
2009/11/5,2078.83,2105.32
2009/11/4,2067.56,2055.52
2009/11/3,2034.09,2057.32
2009/11/2,2047.42,2049.2
2009/10/30,2091.56,2045.11
2009/10/29,2077.04,2097.55
2009/10/28,2103.36,2059.61
2009/10/27,2144.15,2116.09
2009/10/26,2158.81,2141.85
2009/10/23,2186.64,2154.47
2009/10/22,2146.72,2165.29
2009/10/21,2160.78,2150.73
2009/10/20,2180.43,2163.47
2009/10/19,2162.41,2176.32
2009/10/16,2164.73,2156.8
2009/10/15,2164.33,2173.29
2009/10/14,2165.83,2172.23
2009/10/13,2138.7,2139.89
2009/10/12,2145.63,2139.14
2009/10/9,2120,2139.28
2009/10/8,2124.69,2123.93
2009/10/7,2099.06,2110.33
2009/10/6,2080.4,2103.57
2009/10/5,2056.52,2068.15
2009/10/2,2040.84,2048.11
2009/10/1,2111.77,2057.48
2009/9/30,2131.3,2122.42
2009/9/29,2131.67,2124.04
2009/9/28,2101.92,2130.74
2009/9/25,2095.84,2090.92
2009/9/24,2140.06,2107.61
2009/9/23,2152.43,2131.42
2009/9/22,2150.02,2146.3
2009/9/21,2121.34,2138.04
2009/9/18,2134.85,2132.86
2009/9/17,2129.42,2126.75
2009/9/16,2110.06,2133.15
2009/9/15,2090.33,2102.64
2009/9/14,2066.15,2091.78
2009/9/11,2083.34,2080.9
2009/9/10,2059.48,2084.02
2009/9/9,2038.92,2060.39
2009/9/8,2034.74,2037.77
2009/9/4,1986.98,2018.78
2009/9/3,1975.85,1983.2
2009/9/2,1960.07,1967.07
2009/9/1,2001.3,1968.89
2009/8/31,2011.14,2009.06
2009/8/28,2050.53,2028.77
2009/8/27,2021.31,2027.73
2009/8/26,2021.3,2024.43
2009/8/25,2025.59,2024.23
2009/8/24,2026.11,2017.98
2009/8/21,2000.15,2020.9
2009/8/20,1967.57,1989.22
2009/8/19,1933.39,1969.24
2009/8/18,1940.55,1955.92
2009/8/17,1949.23,1930.84
2009/8/14,2005.79,1985.52
2009/8/13,2009.27,2009.35
2009/8/12,1970.95,1998.72
2009/8/11,1985.06,1969.73
2009/8/10,1991.44,1992.24
2009/8/7,1997,2000.25
2009/8/6,1999.21,1973.16
2009/8/5,2014.45,1993.05
2009/8/4,1996.38,2011.31
2009/8/3,1998.35,2008.61
2009/7/31,1980.72,1978.5
2009/7/30,1986.21,1984.3
2009/7/29,1965.32,1967.76
2009/7/28,1957.26,1975.51
2009/7/27,1964.62,1967.89
2009/7/24,1943.23,1965.96
2009/7/23,1924.96,1973.6
2009/7/22,1908.83,1926.38
2009/7/21,1917.39,1916.2
2009/7/20,1896.99,1909.29
2009/7/17,1880.31,1886.61
2009/7/16,1856.05,1885.03
2009/7/15,1827.61,1862.9
2009/7/14,1790.7,1799.73
2009/7/13,1761.03,1793.21
2009/7/10,1744.61,1756.03
2009/7/9,1756.97,1752.55
2009/7/8,1756,1747.17
2009/7/7,1787.44,1746.17
2009/7/6,1783.5,1787.4
2009/7/2,1823.69,1796.52
2009/7/1,1846.12,1845.72
2009/6/30,1845.47,1835.04
2009/6/29,1842.09,1844.06
2009/6/26,1819.16,1838.22
2009/6/25,1783.19,1829.54
2009/6/24,1780.88,1792.34
2009/6/23,1771.42,1764.92
2009/6/22,1809.53,1766.19
2009/6/19,1824.99,1827.47
2009/6/18,1809.04,1807.72
2009/6/17,1799.22,1808.06
2009/6/16,1825.2,1796.18
2009/6/15,1837.94,1816.38
2009/6/12,1852.43,1858.8
2009/6/11,1854.75,1862.37
2009/6/10,1872.01,1853.08
2009/6/9,1850.48,1860.13
2009/6/8,1836.87,1842.4
2009/6/5,1864.02,1849.42
2009/6/4,1829.84,1850.02
2009/6/3,1825.6,1825.92
2009/6/2,1821.22,1836.8
2009/6/1,1796.09,1828.68
2009/5/29,1756.26,1774.33
2009/5/28,1743.54,1751.79
2009/5/27,1747.62,1731.08
2009/5/26,1678.63,1750.43
2009/5/22,1702.1,1692.01
2009/5/21,1710.59,1695.25
2009/5/20,1746.58,1727.84
2009/5/19,1727.32,1734.54
2009/5/18,1696.76,1732.36
2009/5/15,1688.56,1680.14
2009/5/14,1670.34,1689.21
2009/5/13,1696.36,1664.19
2009/5/12,1742.28,1715.92
2009/5/11,1715.52,1731.24
2009/5/8,1734.41,1739
2009/5/7,1772.45,1716.24
2009/5/6,1769.56,1759.1
2009/5/5,1757.4,1754.12
2009/5/4,1736.7,1763.56
2009/5/1,1719.07,1719.2
2009/4/30,1735.01,1717.3
2009/4/29,1689.32,1711.94
2009/4/28,1663.68,1673.81
2009/4/27,1671.21,1679.41
2009/4/24,1669.05,1694.29
2009/4/23,1654.81,1652.21
2009/4/22,1631.05,1646.12
2009/4/21,1600.28,1643.85
2009/4/20,1640.23,1608.21
2009/4/17,1672.08,1673.07
2009/4/16,1645.96,1670.44
2009/4/15,1613.08,1626.8
2009/4/14,1639.61,1625.72
2009/4/13,1640.29,1653.31
2009/4/9,1619.09,1652.54
2009/4/8,1576.06,1590.66
2009/4/7,1584.19,1561.61
2009/4/6,1601.25,1606.71
2009/4/3,1611.79,1621.87
2009/4/2,1579.98,1602.63
2009/4/1,1505.89,1551.6
2009/3/31,1519.96,1528.59
2009/3/30,1516.04,1501.8
2009/3/27,1562.51,1545.2
2009/3/26,1549.06,1587
2009/3/25,1524.74,1528.95
2009/3/24,1535.13,1516.52
2009/3/23,1489.55,1555.77
2009/3/20,1495.33,1457.27
2009/3/19,1509.44,1483.48
2009/3/18,1456.11,1491.22
2009/3/17,1408.2,1462.11
2009/3/16,1442.94,1404.02
2009/3/13,1430.94,1431.5
2009/3/12,1367.33,1426.1
2009/3/11,1366.07,1371.64
2009/3/10,1293.67,1358.28
2009/3/9,1281.98,1268.64
2009/3/6,1306.25,1293.85
2009/3/5,1332.3,1299.59
2009/3/4,1342.15,1353.74
2009/3/3,1337.16,1321.01
2009/3/2,1355.35,1322.85
2009/2/27,1371.53,1377.84
2009/2/26,1438.37,1391.47
2009/2/25,1431.11,1425.43
2009/2/24,1393.57,1441.83
2009/2/23,1447.8,1387.72
2009/2/20,1429.68,1441.23
2009/2/19,1480.84,1442.82
2009/2/18,1479.69,1467.97
2009/2/17,1492.32,1470.66
2009/2/13,1540.06,1534.36
2009/2/12,1507.92,1541.71
2009/2/11,1529.63,1530.5
2009/2/10,1577.87,1524.73
2009/2/9,1589.99,1591.56
2009/2/6,1548.73,1591.71
2009/2/5,1498.8,1546.24
2009/2/4,1516.53,1515.05
2009/2/3,1499.07,1516.3
2009/2/2,1462.67,1494.43
2009/1/30,1517.56,1476.42
2009/1/29,1537.19,1507.84
2009/1/28,1532.52,1558.34
2009/1/27,1496.9,1504.9
2009/1/26,1479.23,1489.46
2009/1/23,1441.5,1477.29
2009/1/22,1469.04,1465.49
2009/1/21,1464.33,1507.07
2009/1/20,1518.07,1440.86
2009/1/16,1534.91,1529.33
2009/1/15,1485.66,1511.84
2009/1/14,1521.33,1489.64
2009/1/13,1535.15,1546.46
2009/1/12,1572.41,1538.79
2009/1/9,1618.5,1571.59
2009/1/8,1592.44,1617.01
2009/1/7,1622.38,1599.06
2009/1/6,1642.74,1652.38
,,
,,
,,
,,
,,
,,
,,
,,
,,
,,
,,
,,
,,
,,
,,
,,
,,
,,
,,
,,
,,
,,
,,
,,
,,
,,
,,
,,
,,
,,
,,
,,
,,
,,
,,
,,
,,
,,
,,
,,
,,
,,
,,
,,
,,
,,
,,
,,
,,
,,
,,
,,
,,
,,
,,
,,
,,
,,
,,
,,
,,
,,
,,
,,
,,
,,
,,
,,
,,
,,
,,
,,
,,
,,
,,
,,
,,
,,
,,
,,
,,
,,
,,
,,
,,
,,
,,
,,
,,
,,
,,
,,
,,
,,
,,
,,
,,
,,
,,
,,
,,
,,
,,
,,
,,
,,
,,
,,
,,
,,
,,
,,
,,
,,
,,
,,
,,
,,
,,
,,
,,
,,
,,
,,
,,
,,
,,
,,
,,
,,
,,
,,
,,
,,
,,
,,
,,
,,
,,
,,
,,
,,
,,
,,
,,
,,
,,
,,
,,
,,
,,
,,
,,
,,
,,
,,
,,
,,
,,
,,
,,
,,
,,
,,
,,
,,
,,
,,
,,
,,
,,
,,
,,
,,
,,
,,
,,
,,
,,
,,
,,
,,
,,
,,
,,
,,
,,
,,
,,
,,
,,
,,
,,
,,
,,
,,
,,
,,
,,
,,
,,
,,
,,
,,
,,
,,
,,
,,
,,
,,
,,
,,
,,
,,
,,
,,
,,
,,
,,
,,
,,
,,
,,
,,
,,
,,
,,
,,
,,
,,
,,
,,
,,
,,
,,
,,
,,
,,
,,
,,
,,
,,
,,
,,
,,
,,
,,
,,
,,
,,
,,
,,
,,
,,
,,
,,
,,
,,
,,
,,
,,
,,
,,
,,
,,
,,
,,
,,
,,
,,
,,
,,
,,
,,
,,
,,
,,
,,
,,
,,
,,
,,
,,
,,
,,
,,
,,
,,
,,
,,
,,
,,
,,
,,
,,
,,
,,
,,
,,
,,
,,
,,
,,
,,
,,
,,
,,
,,
,,
,,
,,
,,
,,
,,
,,
,,
,,
,,
,,
,,
,,
,,
,,
,,
,,
,,
,,
,,
,,
,,
,,
,,
,,
,,
,,
,,
,,
,,
,,
,,
,,
,,
,,
,,
,,
,,
,,
,,
,,
,,
,,
,,
,,
,,
,,
,,
,,
,,
,,
,,
,,
,,
,,
,,
,,
,,
,,
,,
,,
,,
,,
,,
,,
,,
,,
,,
,,
,,
,,
,,
,,
,,
,,
,,
,,
,,
,,
,,
,,
,,
,,
,,
,,
,,
,,
,,
,,
,,
,,
,,
,,
,,
,,
,,
,,
,,
,,
,,
,,
,,
,,
,,
,,
,,
,,
,,
,,
,,
,,
,,
,,
,,
,,
,,
,,
,,
,,
,,
,,
,,
,,
,,
,,
,,
,,
,,
,,
,,
,,
,,
,,
,,
,,
,,
,,
,,
,,
,,
,,
,,
,,
,,
,,
,,
,,
,,
,,
,,
,,
,,
,,
,,
,,
,,
,,
,,
,,
,,
,,
,,
,,
,,
,,
,,
,,
,,
,,
,,
,,
,,
,,
,,
,,
,,
,,
,,
,,
,,
,,
,,
,,
,,
,,
,,
,,
,,
,,
,,
,,
,,
,,
,,
,,
,,
,,
,,
,,
,,
,,
,,
,,
,,
,,
,,
,,
,,
,,
,,
,,
,,
,,
,,
,,
,,
,,
,,
,,
,,
,,
,,
,,
,,
,,
,,
,,
,,
,,
,,
,,
,,
,,
,,
,,
,,
,,
,,
,,
,,
,,
,,
,,
,,
,,
,,
,,
,,
,,
,,
,,
,,
,,
,,
,,
,,
,,
,,
,,
,,
,,
,,
,,
,,
,,
,,
,,
,,
,,
,,
,,
,,
,,
,,
,,
,,
,,
,,
,,
,,
,,
,,
,,
,,
,,
,,
,,
,,
,,
,,
,,
,,
,,
,,
,,
,,
,,
,,
,,
,,
,,
,,
,,
,,
,,
,,
,,
,,
,,
,,
,,
,,
,,
,,
,,
,,
,,
,,
,,
,,
,,
,,
,,
,,
,,
,,
,,
,,
,,
,,
,,
,,
,,
,,
,,
,,
,,
,,
,,
,,
,,
,,
,,
,,
,,
,,
,,
,,
,,
,,
,,
,,
,,
,,
,,
,,
,,
,,
,,
,,
,,
,,
,,
,,
,,
,,
,,
,,
,,
,,
,,
,,
,,
,,
,,
,,
,,
,,
,,
,,
,,
,,
,,
,,
,,
,,
,,
,,
,,
,,
,,
,,
,,
,,
,,
,,
,,
,,
,,
,,
,,
,,
,,
,,
,,
,,
,,
,,
,,
,,
,,
,,
,,
,,
,,
,,
,,
,,
,,
,,
,,
,,
,,
,,
,,
,,
,,
,,
,,
,,
,,
,,
,,
,,
,,
,,
,,
,,
,,
,,
,,
,,
,,
,,
,,
,,
,,
,,
,,
,,
,,
,,
,,
,,
,,
,,
,,
,,
,,
,,
,,
,,
,,
,,
,,
,,
,,
,,
,,
,,
,,
,,
,,
,,
,,
,,
,,
,,
,,
,,
,,
,,
,,
,,
,,
,,
,,
,,
,,
,,
,,
,,
,,
,,
,,
,,
,,
,,
,,
,,
,,
,,
,,
,,
,,
,,
,,
,,
,,
,,
,,
,,
,,
,,
,,
,,
,,
,,
,,
,,
,,
,,
,,
,,
,,
,,
,,
,,
,,
,,
,,
,,
,,
,,
,,
,,
,,
,,
,,
,,
,,
,,
,,
,,
,,
,,
,,
,,
,,
,,
,,
,,
,,
,,
,,
,,
,,
,,
,,
,,
,,
,,
,,
,,
,,
,,
,,
,,
,,
,,
,,
,,
,,
,,
,,
,,
,,
,,
,,
,,
,,
,,
,,
,,
,,
,,
,,
,,
,,
,,
,,
,,
,,
,,
,,
,,
,,
,,
,,
,,
,,
,,
,,
,,
,,
,,
,,
,,
,,
,,
,,
,,
,,
,,
,,
,,
,,
,,
,,
,,
,,
,,
,,
,,
,,
,,
,,
,,
,,
,,
,,
,,
,,
,,
,,
,,
,,
,,
,,
,,
,,
,,
,,
,,
,,
,,
,,
,,
,,
,,
,,
,,
,,
,,
,,
,,
,,
,,
,,
,,
,,
,,
,,
,,
,,
,,
,,
,,
,,
,,
,,
,,
,,
,,
,,
,,
,,
,,
,,
,,
,,
,,
,,
,,
,,
,,
,,
,,
,,
,,
,,
,,
,,
,,
,,
,,
,,
,,
,,
,,
,,
,,
