日期,本益比,殖利率(%),股價淨值比,股利年度,財報年/季
098年01月05日,10.28,8.17,1.48,,
098年01月06日,10.26,8.19,1.47,,
098年01月07日,10.3,8.16,1.48,,
098年01月08日,10.24,8.2,1.47,,
098年01月09日,10.02,8.38,1.44,,
098年01月10日,10.16,8.27,1.46,,
098年01月12日,10.0,8.4,1.44,,
098年01月13日,9.98,8.42,1.43,,
098年01月14日,10.0,8.4,1.44,,
098年01月15日,9.7,8.66,1.39,,
098年01月16日,9.79,8.58,1.41,,
098年01月17日,9.79,8.58,1.41,,
098年01月19日,9.99,8.41,1.44,,
098年01月20日,9.96,8.43,1.43,,
098年01月21日,9.78,8.59,1.41,,
098年02月02日,9.76,8.61,1.4,,
098年02月03日,9.78,8.59,1.41,,
098年02月04日,9.9,8.48,1.42,,
098年02月05日,9.74,8.62,1.4,,
098年02月06日,9.86,8.52,1.42,,
098年02月09日,9.8,8.57,1.41,,
098年02月10日,9.8,8.57,1.41,,
098年02月11日,9.8,8.57,1.41,,
098年02月12日,9.88,8.5,1.42,,
098年02月13日,9.94,8.45,1.43,,
098年02月16日,9.9,8.48,1.42,,
098年02月17日,9.72,8.64,1.4,,
098年02月18日,9.52,8.82,1.37,,
098年02月19日,9.4,8.94,1.35,,
098年02月20日,9.26,9.07,1.33,,
098年02月23日,9.3,9.03,1.34,,
098年02月24日,9.12,9.21,1.31,,
098年02月25日,9.11,9.22,1.31,,
098年02月26日,9.1,9.23,1.31,,
098年02月27日,9.14,9.19,1.31,,
098年03月02日,8.96,9.38,1.29,,
098年03月03日,8.88,9.46,1.28,,
098年03月04日,8.87,9.47,1.28,,
098年03月05日,8.87,9.47,1.28,,
098年03月06日,8.89,9.45,1.28,,
098年03月09日,8.9,9.44,1.28,,
098年03月10日,8.89,9.45,1.28,,
098年03月11日,9.04,9.29,1.3,,
098年03月12日,9.04,9.29,1.3,,
098年03月13日,9.04,9.29,1.3,,
098年03月16日,9.26,9.07,1.33,,
098年03月17日,9.25,9.08,1.33,,
098年03月18日,9.3,9.03,1.34,,
098年03月19日,9.39,8.95,1.35,,
098年03月20日,9.43,8.91,1.36,,
098年03月23日,9.44,8.9,1.36,,
098年03月24日,9.62,8.73,1.38,,
098年03月25日,9.65,8.7,1.39,,
098年03月26日,9.71,8.65,1.4,,
098年03月27日,9.76,8.61,1.4,,
098年03月30日,9.56,8.79,1.37,,
098年03月31日,9.51,8.83,1.37,,
098年04月01日,9.53,8.81,1.37,,
098年04月02日,10.18,8.25,1.46,,
098年04月03日,10.74,7.82,1.54,,
098年04月06日,10.74,7.82,1.54,,
098年04月07日,11.18,7.51,1.61,,
098年04月08日,11.32,7.42,1.63,,
098年04月09日,11.36,7.39,1.63,,
098年04月10日,11.42,7.36,1.64,,
098年04月13日,11.44,7.34,1.64,,
098年04月14日,11.98,7.01,1.72,,
098年04月15日,11.4,7.37,1.64,,
098年04月16日,11.5,7.3,1.65,,
098年04月17日,11.2,7.5,1.61,,
098年04月20日,11.18,7.51,1.61,,
098年04月21日,11.3,7.43,1.62,,
098年04月22日,11.3,7.43,1.62,,
098年04月23日,11.22,7.49,1.61,,
098年04月24日,11.4,7.37,1.64,,
098年04月27日,11.4,7.37,1.64,,
098年04月28日,11.06,7.59,1.59,,
098年04月29日,11.1,7.57,1.6,,
098年04月30日,11.44,7.34,1.55,,
098年05月04日,14.57,6.86,1.66,,
098年05月05日,15.57,6.42,1.77,,
098年05月06日,16.64,6.01,1.89,,
098年05月07日,16.19,6.18,1.84,,
098年05月08日,16.1,6.21,1.83,,
098年05月11日,16.67,6.0,1.9,,
098年05月12日,16.29,3.65,1.85,,
098年05月13日,16.67,3.57,1.9,,
098年05月14日,15.95,3.73,1.82,,
098年05月15日,15.71,3.79,1.79,,
098年05月18日,16.19,3.68,1.84,,
098年05月19日,16.31,3.65,1.86,,
098年05月20日,16.55,3.6,1.88,,
098年05月21日,16.43,3.62,1.87,,
098年05月22日,16.05,3.71,1.83,,
098年05月25日,16.07,3.7,1.83,,
098年05月26日,16.26,3.66,1.85,,
098年05月27日,16.19,3.68,1.84,,
098年06月01日,17.14,3.47,1.95,,
098年06月02日,16.57,3.59,1.89,,
098年06月03日,17.14,3.47,1.95,,
098年06月04日,17.02,3.5,1.94,,
098年06月05日,17.26,3.45,1.96,,
098年06月06日,17.17,3.47,1.95,,
098年06月08日,16.79,3.55,1.91,,
098年06月09日,17.14,3.47,1.95,,
098年06月10日,16.83,3.54,1.92,,
098年06月11日,16.81,3.54,1.91,,
098年06月12日,16.69,3.57,1.9,,
098年06月15日,16.79,3.55,1.91,,
098年06月16日,16.69,3.57,1.9,,
098年06月17日,16.43,3.62,1.87,,
098年06月18日,16.5,3.61,1.88,,
098年06月19日,16.81,3.54,1.91,,
098年06月22日,16.88,3.53,1.92,,
098年06月23日,16.67,3.57,1.9,,
098年06月24日,16.74,3.56,1.9,,
098年06月25日,16.67,3.57,1.9,,
098年06月26日,16.67,3.57,1.9,,
098年06月29日,16.67,3.57,1.9,,
098年06月30日,16.9,3.52,1.92,,
098年07月01日,17.12,3.48,1.95,,
098年07月02日,17.17,3.47,1.95,,
098年07月03日,17.31,3.44,1.97,,
098年07月06日,17.29,3.44,1.97,,
098年07月07日,16.81,3.54,1.91,,
098年07月08日,16.81,3.54,1.91,,
098年07月09日,17.0,3.5,1.93,,
098年07月10日,16.86,3.53,1.92,,
098年07月13日,16.86,3.53,1.92,,
098年07月14日,16.74,3.56,1.9,,
098年07月15日,17.1,3.48,1.95,,
098年07月16日,16.93,3.52,1.93,,
098年07月17日,17.07,3.49,1.94,,
098年07月20日,17.26,3.45,1.96,,
098年07月21日,17.14,3.47,1.95,,
098年07月22日,18.33,3.25,2.09,,
098年07月23日,19.6,3.04,2.23,,
098年07月24日,19.64,3.03,2.24,,
098年07月27日,19.0,3.13,2.16,,
098年07月28日,19.17,3.11,2.18,,
098年07月29日,18.57,3.21,2.11,,
098年07月30日,18.36,3.24,2.09,,
098年07月31日,18.48,3.22,2.1,,
098年08月03日,18.86,3.16,2.15,,
098年08月04日,18.57,3.21,2.11,,
098年08月05日,18.1,3.29,2.06,,
098年08月06日,17.86,3.33,2.03,,
098年08月10日,18.05,3.3,2.05,,
098年08月11日,18.14,3.28,2.06,,
098年08月12日,18.21,3.27,2.07,,
098年08月13日,18.45,3.23,2.1,,
098年08月14日,18.45,3.23,2.1,,
098年08月17日,18.02,3.3,2.05,,
098年08月18日,17.69,3.36,2.01,,
098年08月19日,17.69,3.36,2.01,,
098年08月20日,17.81,3.34,2.03,,
098年08月21日,17.52,3.4,1.99,,
098年08月24日,17.86,3.33,2.03,,
098年08月25日,17.83,3.34,2.03,,
098年08月26日,17.62,3.38,2.0,,
098年08月27日,17.6,3.38,2.0,,
098年08月28日,17.86,3.33,2.09,,
098年08月31日,16.73,3.37,2.07,,
098年09月01日,16.84,3.35,2.08,,
098年09月02日,16.79,3.36,2.07,,
098年09月03日,17.29,3.26,2.14,,
098年09月04日,17.22,3.28,2.13,,
098年09月07日,17.07,3.31,2.11,,
098年09月08日,17.13,3.29,2.12,,
098年09月09日,17.07,3.31,2.11,,
098年09月10日,17.29,3.26,2.14,,
098年09月11日,17.4,3.24,2.15,,
098年09月14日,17.09,3.3,2.11,,
098年09月15日,17.29,3.26,2.14,,
098年09月16日,17.49,3.23,2.16,,
266年01月17日,17.52,3.22,2.16,,
098年09月18日,17.36,3.25,2.14,,
098年09月21日,17.29,3.26,2.14,,
098年09月22日,17.13,3.29,2.12,,
098年09月23日,17.07,3.31,2.11,,
098年09月24日,17.04,3.31,2.1,,
098年09月25日,16.84,3.35,2.08,,
098年09月28日,16.91,3.34,2.09,,
098年09月29日,16.93,3.33,2.09,,
098年09月30日,17.72,3.18,2.19,,
098年10月01日,17.49,3.23,2.16,,
098年10月02日,17.07,3.31,2.11,,
098年10月05日,16.93,3.33,2.09,,
098年10月06日,17.02,3.32,2.1,,
098年10月07日,16.93,3.33,2.09,,
098年10月08日,17.04,3.31,2.1,,
098年10月09日,17.34,3.26,2.14,,
098年10月12日,17.45,3.23,2.16,,
098年10月13日,17.38,3.25,2.15,,
098年10月14日,17.7,3.19,2.19,,
098年10月15日,17.58,3.21,2.17,,
098年10月16日,17.63,3.2,2.18,,
098年10月19日,17.72,3.18,2.19,,
098年10月20日,17.49,3.23,2.16,,
098年10月21日,17.61,3.21,2.17,,
098年10月22日,17.74,3.18,2.19,,
098年10月23日,17.79,3.17,2.2,,
098年10月26日,17.72,3.18,2.19,,
098年10月27日,17.52,3.22,2.16,,
098年10月28日,17.58,3.21,2.17,,
098年10月29日,17.29,3.26,2.04,,
098年10月30日,14.82,3.28,2.03,,
098年11月02日,15.15,3.21,2.08,,
098年11月03日,15.15,3.21,2.08,,
098年11月04日,15.24,3.18,2.09,,
098年11月05日,15.13,3.21,2.07,,
098年11月06日,15.13,3.21,2.07,,
098年11月09日,15.28,3.18,2.1,,
098年11月10日,15.28,3.18,2.1,,
098年11月11日,15.51,3.13,2.13,,
098年11月12日,15.55,3.12,2.13,,
098年11月13日,15.63,3.11,2.14,,
098年11月16日,15.9,3.05,2.18,,
098年11月17日,16.02,3.03,2.2,,
098年11月18日,16.06,3.02,2.2,,
098年11月19日,15.79,3.08,2.16,,
098年11月20日,15.55,3.12,2.13,,
098年11月23日,15.44,3.14,2.12,,
098年11月24日,15.46,3.14,2.12,,
098年11月25日,15.5,3.13,2.12,,
098年11月26日,15.34,3.16,2.1,,
098年11月27日,15.07,3.22,2.07,,
098年11月30日,15.48,3.14,2.12,,
098年12月01日,15.34,3.16,2.1,,
098年12月02日,15.34,3.16,2.1,,
098年12月03日,15.3,3.17,2.1,,
098年12月04日,15.24,3.18,2.09,,
098年12月07日,15.24,3.18,2.09,,
098年12月08日,15.24,3.18,2.09,,
098年12月09日,15.22,3.19,2.09,,
098年12月10日,15.05,3.23,2.06,,
098年12月11日,15.09,3.22,2.07,,
098年12月14日,15.09,3.22,2.07,,
098年12月15日,15.11,3.21,2.07,,
098年12月16日,14.76,3.29,2.02,,
098年12月17日,14.76,3.29,2.02,,
098年12月18日,14.66,3.31,2.01,,
098年12月21日,14.66,3.31,2.01,,
098年12月22日,14.72,3.3,2.02,,
098年12月23日,14.76,3.29,2.02,,
098年12月24日,14.8,3.28,2.03,,
098年12月25日,14.76,3.29,2.02,,
098年12月28日,14.8,3.28,2.03,,
098年12月29日,14.87,3.26,2.04,,
098年12月30日,14.85,3.27,2.04,,
098年12月31日,14.93,3.25,2.05,,
099年01月04日,14.85,3.27,2.04,,
099年01月05日,14.93,3.25,2.05,,
099年01月06日,14.89,3.26,2.04,,
099年01月07日,14.93,3.25,2.05,,
099年01月08日,15.01,3.23,2.06,,
099年01月11日,14.93,3.25,2.05,,
099年01月12日,14.82,3.28,2.03,,
099年01月13日,14.7,3.3,2.02,,
099年01月14日,14.72,3.3,2.02,,
099年01月15日,14.66,3.31,2.01,,
099年01月18日,14.64,3.32,2.01,,
099年01月19日,14.6,3.32,2.0,,
099年01月20日,14.49,3.35,1.99,,
099年01月21日,14.54,3.34,1.99,,
099年01月22日,14.29,3.4,1.96,,
099年01月25日,14.06,3.45,1.93,,
099年01月26日,13.42,3.62,1.84,,
099年01月27日,13.44,3.61,1.84,,
099年01月28日,13.61,3.57,1.87,,
099年01月29日,13.57,3.58,1.86,,
099年02月01日,13.44,3.61,1.84,,
099年02月02日,13.46,3.61,1.85,,
099年02月03日,13.4,3.62,1.84,,
099年02月04日,13.13,3.7,1.8,,
099年02月05日,12.6,3.85,1.73,,
099年02月06日,12.52,3.88,1.72,,
099年02月08日,12.31,3.94,1.69,,
099年02月09日,12.49,3.89,1.71,,
099年02月10日,12.68,3.83,1.74,,
099年02月22日,12.62,3.85,1.73,,
099年02月23日,12.54,3.87,1.72,,
099年02月24日,12.62,3.85,1.73,,
099年02月25日,12.62,3.85,1.73,,
099年02月26日,12.72,3.82,1.74,,
099年03月01日,12.72,3.82,1.74,,
099年03月02日,12.78,3.8,1.75,,
099年03月03日,12.78,3.8,1.75,,
099年03月04日,12.72,3.82,1.74,,
099年03月05日,12.76,3.81,1.75,,
099年03月08日,12.8,3.79,1.75,,
099年03月09日,13.24,3.67,1.82,,
099年03月10日,13.15,3.69,1.8,,
099年03月11日,13.13,3.7,1.8,,
099年03月12日,13.11,3.7,1.8,,
099年03月15日,12.99,3.74,1.78,,
099年03月16日,13.13,3.7,1.8,,
099年03月17日,13.2,3.68,1.81,,
099年03月18日,13.24,3.67,1.82,,
099年03月19日,13.2,3.68,1.81,,
099年03月22日,13.18,3.68,1.81,,
099年03月23日,13.3,3.65,1.82,,
099年03月24日,13.36,3.63,1.83,,
099年03月25日,13.48,3.6,1.85,,
099年03月26日,13.61,3.57,1.87,,
099年03月29日,13.79,3.52,1.89,,
099年03月30日,13.79,3.52,1.89,,
099年03月31日,13.61,3.57,1.87,,
099年04月01日,13.79,3.52,1.89,,
099年04月02日,13.88,3.5,1.9,,
099年04月06日,14.08,3.45,1.93,,
099年04月07日,14.25,3.41,1.95,,
099年04月08日,14.25,3.41,1.95,,
099年04月09日,14.39,3.37,1.97,,
099年04月12日,14.31,3.39,1.96,,
099年04月13日,14.04,3.46,1.92,,
099年04月14日,14.23,3.41,1.95,,
099年04月15日,14.27,3.4,1.96,,
099年04月16日,14.29,3.4,1.96,,
099年04月19日,13.9,3.49,1.91,,
099年04月20日,14.0,3.47,1.92,,
099年04月21日,14.39,3.37,1.97,,
099年04月22日,15.38,3.16,2.11,,
099年04月23日,16.02,3.03,2.2,,
099年04月26日,15.53,3.13,2.13,,
099年04月27日,15.51,3.13,2.13,,
099年04月28日,16.14,3.01,2.21,,
099年04月29日,16.95,2.86,2.25,,
099年04月30日,14.67,2.84,2.09,,
099年05月03日,10.89,2.95,2.01,,
099年05月04日,10.95,2.93,2.02,,
099年05月05日,10.4,3.09,1.92,,
099年05月06日,10.5,3.06,1.94,,
099年05月07日,10.42,3.08,1.92,,
099年05月10日,10.42,3.08,1.92,,
099年05月11日,10.3,3.12,1.9,,
099年05月12日,10.08,3.19,1.86,,
099年05月13日,10.23,5.03,1.89,,
099年05月14日,10.31,4.99,1.9,,
099年05月17日,10.22,5.03,1.89,,
099年05月18日,10.26,5.01,1.89,,
099年05月19日,10.15,5.06,1.88,,
099年05月20日,9.94,5.17,1.83,,
099年05月21日,9.86,5.22,1.82,,
099年05月24日,10.04,5.12,1.85,,
099年05月25日,9.69,5.31,1.79,,
099年05月26日,9.97,5.15,1.84,,
099年05月27日,9.94,5.17,1.83,,
099年05月28日,9.86,5.22,1.82,,
099年05月31日,10.03,5.13,1.85,,
099年06月01日,9.92,5.18,1.83,,
099年06月02日,9.83,5.23,1.82,,
099年06月03日,10.05,5.12,1.86,,
099年06月04日,10.03,5.13,1.85,,
099年06月07日,9.83,5.23,1.82,,
099年06月08日,9.82,5.24,1.81,,
099年06月09日,9.76,5.27,1.8,,
099年06月10日,9.94,5.17,1.83,,
099年06月11日,10.0,5.14,1.85,,
099年06月14日,10.13,5.08,1.87,,
099年06月15日,10.21,5.04,1.88,,
099年06月17日,10.13,5.08,1.87,,
099年06月18日,10.28,5.0,1.9,,
099年06月21日,10.5,4.9,1.94,,
099年06月22日,10.48,4.91,1.93,,
099年06月23日,10.48,4.91,1.93,,
099年06月24日,10.42,4.93,1.92,,
099年06月25日,10.35,4.97,1.91,,
099年06月28日,10.37,4.96,1.92,,
099年06月29日,10.23,5.03,1.89,,
099年06月30日,10.04,5.12,1.85,,
099年07月01日,10.12,5.08,1.87,,
099年07月02日,10.32,4.98,1.91,,
099年07月05日,10.31,4.99,1.9,,
099年07月06日,10.45,4.92,1.93,,
099年07月07日,10.77,4.77,1.99,,
099年07月08日,10.76,4.78,1.99,,
099年07月09日,10.72,4.8,1.98,,
099年07月12日,10.68,4.81,1.97,,
099年07月13日,10.22,5.03,1.89,,
099年07月14日,10.48,4.91,1.93,,
099年07月15日,10.55,4.87,1.95,,
099年07月16日,10.44,4.93,1.93,,
099年07月19日,10.4,4.94,1.92,,
099年07月20日,10.36,4.96,1.91,,
099年07月21日,10.26,5.01,1.89,,
099年07月22日,10.13,5.08,1.87,,
099年07月23日,10.21,5.04,1.88,,
099年07月26日,10.15,5.06,1.88,,
099年07月27日,10.17,5.06,1.88,,
099年07月28日,10.42,4.93,1.92,,
099年07月29日,10.36,4.96,1.91,,
099年07月30日,10.27,5.01,1.9,,
099年08月02日,10.48,4.91,1.93,,
099年08月03日,10.6,4.85,1.96,,
099年08月04日,10.55,4.87,1.95,,
099年08月05日,10.76,4.78,1.99,,
099年08月06日,10.81,4.76,2.0,,
099年08月09日,10.91,4.71,2.02,,
099年08月10日,11.32,4.54,2.09,,
099年08月11日,11.32,4.54,2.09,,
099年08月12日,11.3,4.55,2.09,,
099年08月13日,11.53,4.46,2.13,,
099年08月16日,11.38,4.52,2.1,,
099年08月17日,11.32,4.54,2.09,,
099年08月18日,11.44,4.49,2.11,,
099年08月19日,11.44,4.49,2.11,,
099年08月20日,11.4,4.51,2.11,,
099年08月23日,11.62,4.42,2.15,,
099年08月24日,11.59,4.43,2.14,,
099年08月25日,11.48,4.48,2.12,,
099年08月26日,11.57,4.44,2.14,,
099年08月27日,11.61,4.43,2.14,,
099年08月30日,11.59,4.43,2.21,,
099年08月31日,9.81,4.55,2.15,,
099年09月01日,10.09,4.42,2.21,,
099年09月02日,10.33,4.32,2.27,,
099年09月03日,10.32,4.32,2.27,,
099年09月06日,10.56,4.23,2.32,,
099年09月07日,10.6,4.21,2.33,,
099年09月08日,10.44,4.28,2.29,,
099年09月09日,10.09,4.42,2.21,,
099年09月10日,9.92,4.5,2.18,,
099年09月13日,10.04,4.44,2.2,,
099年09月14日,10.27,4.35,2.25,,
099年09月15日,10.25,4.36,2.25,,
099年09月16日,10.02,4.45,2.2,,
099年09月17日,10.01,4.46,2.2,,
099年09月20日,10.02,4.45,2.2,,
099年09月21日,10.04,4.44,2.2,,
099年09月23日,10.04,4.44,2.2,,
099年09月24日,10.01,4.46,2.2,,
099年09月27日,9.92,4.5,2.18,,
099年09月28日,9.92,4.5,2.18,,
099年09月29日,10.12,4.41,2.22,,
099年09月30日,9.98,4.47,2.19,,
099年10月01日,10.04,4.44,2.2,,
099年10月04日,10.54,4.24,2.31,,
099年10月05日,10.37,4.31,2.28,,
099年10月06日,10.3,4.33,2.26,,
099年10月07日,10.06,4.44,2.21,,
099年10月08日,10.03,4.45,2.2,,
099年10月11日,10.07,4.43,2.21,,
099年10月12日,10.02,4.45,2.2,,
099年10月13日,9.93,4.49,2.18,,
099年10月14日,10.01,4.46,2.2,,
099年10月15日,10.02,4.45,2.2,,
099年10月18日,9.8,4.56,2.15,,
099年10月19日,9.77,4.57,2.14,,
099年10月20日,9.79,4.56,2.15,,
099年10月21日,9.82,4.55,2.16,,
099年10月22日,9.82,4.55,2.16,,
099年10月25日,10.02,4.45,2.2,,
099年10月26日,10.06,4.44,2.21,,
099年10月27日,9.99,4.47,2.19,,
099年10月28日,9.99,4.47,2.19,,
099年10月29日,9.93,4.49,2.1,,
099年11月01日,10.3,4.42,2.13,,
099年11月02日,10.3,4.42,2.13,,
099年11月03日,10.15,4.49,2.1,,
099年11月04日,10.0,4.56,2.07,,
099年11月05日,9.95,4.58,2.06,,
099年11月08日,10.07,4.52,2.09,,
099年11月09日,10.01,4.55,2.08,,
099年11月10日,10.01,4.55,2.08,,
099年11月11日,10.03,4.54,2.08,,
099年11月12日,10.01,4.55,2.08,,
099年11月15日,9.94,4.58,2.06,,
099年11月16日,9.93,4.59,2.06,,
099年11月17日,9.87,4.61,2.05,,
099年11月18日,9.91,4.6,2.05,,
099年11月19日,10.0,4.56,2.07,,
099年11月22日,10.01,4.55,2.08,,
099年11月23日,9.97,4.57,2.07,,
099年11月24日,9.99,4.56,2.07,,
099年11月25日,9.97,4.57,2.07,,
099年11月26日,9.95,4.58,2.06,,
099年11月29日,10.0,4.56,2.07,,
099年11月30日,10.1,4.51,2.09,,
099年12月01日,10.17,4.48,2.11,,
099年12月02日,10.06,4.53,2.08,,
099年12月03日,10.05,4.54,2.08,,
099年12月06日,10.05,4.54,2.08,,
099年12月07日,10.02,4.55,2.08,,
099年12月08日,10.08,4.52,2.09,,
099年12月09日,10.08,4.52,2.09,,
099年12月10日,10.06,4.53,2.08,,
099年12月13日,10.1,4.51,2.09,,
099年12月14日,10.03,4.54,2.08,,
099年12月15日,10.11,4.5,2.1,,
099年12月16日,10.13,4.5,2.1,,
099年12月17日,10.14,4.49,2.1,,
099年12月20日,10.17,4.48,2.11,,
099年12月21日,10.17,4.48,2.11,,
099年12月22日,10.14,4.49,2.1,,
099年12月23日,10.1,4.51,2.09,,
099年12月24日,10.11,4.5,2.1,,
099年12月27日,10.19,4.47,2.11,,
099年12月28日,10.15,4.49,2.1,,
099年12月29日,10.1,4.51,2.09,,
099年12月30日,10.16,4.48,2.11,,
099年12月31日,10.16,4.48,2.11,,
100年01月03日,10.18,4.47,2.11,,
100年01月04日,10.21,4.46,2.12,,
100年01月05日,10.08,4.52,2.09,,
100年01月06日,10.14,4.49,2.1,,
100年01月07日,10.09,4.51,2.09,,
100年01月10日,10.09,4.51,2.09,,
100年01月11日,10.09,4.51,2.09,,
100年01月12日,10.05,4.54,2.08,,
100年01月13日,10.05,4.54,2.08,,
100年01月14日,10.02,4.55,2.08,,
100年01月17日,10.13,4.5,2.1,,
100年01月18日,10.08,4.52,2.09,,
100年01月19日,10.18,4.47,2.11,,
100年01月20日,10.25,4.44,2.12,,
100年01月21日,10.18,4.47,2.11,,
100年01月24日,10.16,4.48,2.11,,
100年01月25日,10.14,4.49,2.1,,
100年01月26日,10.06,4.53,2.08,,
100年01月27日,10.08,4.52,2.09,,
100年01月28日,10.08,4.52,2.09,,
100年02月08日,10.02,4.55,2.08,,
100年02月09日,10.08,4.52,2.09,,
100年02月10日,10.08,4.52,2.09,,
100年02月11日,9.98,4.57,2.07,,
100年02月14日,9.97,4.57,2.07,,
100年02月15日,9.95,4.58,2.06,,
100年02月16日,10.01,4.55,2.08,,
100年02月17日,10.09,4.51,2.09,,
100年02月18日,10.21,4.46,2.12,,
100年02月21日,10.13,4.5,2.1,,
100年02月22日,10.0,4.56,2.07,,
100年02月23日,9.89,4.61,2.05,,
100年02月24日,9.93,4.59,2.06,,
100年02月25日,9.87,4.61,2.05,,
100年03月01日,9.91,4.6,2.05,,
100年03月02日,9.83,4.63,2.04,,
100年03月03日,9.85,4.62,2.04,,
100年03月04日,9.91,4.6,2.05,,
100年03月07日,9.92,4.59,2.06,,
100年03月08日,9.95,4.58,2.06,,
100年03月09日,9.92,4.59,2.06,,
100年03月10日,9.95,4.58,2.06,,
100年03月11日,9.89,4.61,2.05,,
100年03月14日,9.45,4.82,1.96,,
100年03月15日,9.25,4.93,1.92,,
100年03月16日,9.57,4.76,1.98,,
100年03月17日,9.48,4.81,1.96,,
100年03月18日,9.5,4.8,1.97,,
100年03月21日,9.58,4.76,1.99,,
100年03月22日,9.68,4.71,2.01,,
100年03月23日,9.73,4.68,2.02,,
100年03月24日,9.77,4.66,2.03,,
100年03月25日,9.77,4.66,2.03,,
100年03月28日,9.76,4.67,2.02,,
100年03月29日,9.78,4.66,2.03,,
100年03月30日,9.79,4.65,2.03,,
100年03月31日,9.85,4.62,2.04,,
100年04月01日,9.7,4.69,2.01,,
100年04月06日,9.83,4.63,2.04,,
100年04月07日,9.74,4.68,2.02,,
100年04月08日,9.84,4.63,2.04,,
100年04月11日,9.93,4.59,2.06,,
100年04月12日,9.86,4.62,2.04,,
100年04月13日,9.86,4.62,2.04,,
100年04月14日,9.87,4.61,2.05,,
100年04月15日,9.82,4.64,2.03,,
100年04月18日,9.76,4.67,2.02,,
100年04月19日,9.72,4.69,2.01,,
100年04月20日,9.89,4.61,2.05,,
100年04月21日,9.9,4.6,2.05,,
100年04月22日,9.78,4.66,2.03,,
100年04月25日,9.69,4.7,2.01,,
100年04月26日,9.65,4.72,2.0,,
100年04月27日,9.79,4.65,2.03,,
100年04月28日,9.9,4.6,2.05,,
100年04月29日,10.23,4.45,2.06,,
100年05月03日,10.45,4.31,1.95,,
100年05月04日,9.37,4.35,1.93,,
100年05月05日,9.26,4.4,1.9,,
100年05月06日,9.26,4.4,1.9,,
100年05月09日,9.26,4.4,1.9,,
100年05月10日,9.27,4.4,1.91,,
100年05月11日,9.27,4.4,1.91,,
100年05月12日,9.56,4.26,1.97,,
100年05月13日,9.42,4.32,1.94,,
100年05月16日,9.59,4.25,1.97,,
100年05月17日,9.35,4.36,1.92,,
100年05月18日,9.55,4.26,1.96,,
100年05月19日,9.4,4.33,1.93,,
100年05月20日,9.4,4.33,1.93,,
100年05月23日,9.43,4.32,1.94,,
100年05月24日,9.36,4.35,1.93,,
100年05月25日,9.32,6.56,1.92,,
100年05月26日,9.41,6.49,1.94,,
100年05月27日,9.41,6.49,1.94,,
100年05月30日,9.45,6.47,1.94,,
100年05月31日,9.66,6.32,1.99,,
100年06月01日,9.68,6.31,1.99,,
100年06月02日,9.65,6.33,1.99,,
100年06月03日,9.61,6.36,1.98,,
100年06月07日,9.7,6.3,2.0,,
100年06月08日,9.74,6.28,2.0,,
100年06月09日,9.77,6.26,2.01,,
100年06月10日,9.63,6.34,1.98,,
100年06月13日,9.55,6.4,1.96,,
100年06月14日,9.76,6.26,2.01,,
100年06月15日,10.06,6.07,2.07,,
100年06月16日,9.84,6.21,2.02,,
100年06月17日,9.93,6.15,2.04,,
100年06月20日,9.63,6.34,1.98,,
100年06月21日,9.81,6.23,2.02,,
100年06月22日,9.9,6.17,2.04,,
100年06月23日,9.98,6.12,2.05,,
100年06月24日,9.98,6.12,2.05,,
100年06月27日,10.29,5.94,2.12,,
100年06月28日,10.23,5.97,2.11,,
100年06月29日,10.39,5.88,2.14,,
100年06月30日,11.0,5.56,2.26,,
100年07月01日,10.79,5.66,2.22,,
100年07月04日,11.0,5.56,2.26,,
100年07月05日,10.85,5.63,2.23,,
100年07月06日,11.05,5.53,2.27,,
100年07月07日,11.0,5.56,2.26,,
100年07月08日,11.2,5.45,2.3,,
100年07月11日,11.25,5.43,2.31,,
100年07月12日,11.2,5.45,2.3,,
100年07月13日,11.35,5.38,2.34,,
100年07月14日,10.79,5.66,2.22,,
100年07月15日,11.3,5.41,2.33,,
100年07月18日,11.56,5.29,2.38,,
100年07月19日,11.41,5.36,2.35,,
100年07月20日,11.51,5.31,2.37,,
100年07月21日,12.02,5.08,2.47,,
100年07月22日,12.58,4.86,2.59,,
100年07月25日,12.58,4.86,2.59,,
100年07月26日,13.03,4.69,2.68,,
100年07月27日,13.9,4.4,2.86,,
100年07月28日,14.87,4.11,3.06,,
100年07月29日,14.36,4.26,2.95,,
100年08月01日,14.97,4.08,3.08,,
100年08月02日,15.27,4.0,3.14,,
100年08月03日,15.38,3.97,3.16,,
100年08月04日,14.97,4.08,3.08,,
100年08月05日,13.95,4.38,2.87,,
100年08月08日,13.24,4.62,2.72,,
100年08月09日,13.85,4.41,2.85,,
100年08月10日,14.82,4.12,3.05,,
100年08月11日,14.66,4.17,3.02,,
100年08月12日,13.75,4.44,2.83,,
100年08月15日,14.15,4.32,2.91,,
100年08月16日,13.95,4.38,2.87,,
100年08月17日,13.8,4.43,2.84,,
100年08月18日,13.44,4.55,2.76,,
100年08月19日,12.93,4.72,2.66,,
100年08月22日,13.14,4.65,2.7,,
100年08月23日,13.85,4.41,2.85,,
100年08月24日,13.39,4.56,2.75,,
100年08月25日,13.39,4.56,2.75,,
100年08月26日,13.8,4.43,2.84,,
100年08月29日,13.75,4.44,3.06,,
100年08月30日,14.29,4.44,3.06,,
100年08月31日,14.44,4.4,3.1,,
100年09月01日,14.81,4.29,3.18,,
100年09月02日,14.5,4.38,3.11,,
100年09月05日,14.13,4.49,3.03,,
100年09月06日,13.86,4.58,2.97,,
100年09月07日,13.92,4.56,2.98,,
100年09月08日,13.86,4.58,2.97,,
100年09月09日,14.07,4.51,3.02,,
100年09月13日,13.81,4.6,2.96,,
100年09月14日,13.65,4.65,2.93,,
100年09月15日,13.7,4.63,2.94,,
100年09月16日,14.66,4.33,3.14,,
100年09月19日,15.13,4.2,3.24,,
100年09月20日,15.24,4.17,3.27,,
100年09月21日,15.34,4.14,3.29,,
100年09月22日,14.5,4.38,3.11,,
100年09月23日,13.76,4.62,2.95,,
100年09月26日,13.6,4.67,2.91,,
100年09月27日,13.76,4.62,2.95,,
100年09月28日,14.07,4.51,3.02,,
100年09月29日,13.81,4.6,2.96,,
100年09月30日,13.65,4.65,2.93,,
100年10月03日,13.33,4.76,2.86,,
100年10月04日,12.65,5.02,2.71,,
100年10月05日,11.8,5.38,2.53,,
100年10月06日,11.75,5.41,2.52,,
100年10月07日,12.43,5.11,2.67,,
100年10月11日,13.02,4.88,2.79,,
100年10月12日,12.7,5.0,2.72,,
100年10月13日,12.7,5.0,2.72,,
100年10月14日,12.38,5.13,2.65,,
100年10月17日,12.54,5.06,2.69,,
100年10月18日,12.49,5.08,2.68,,
100年10月19日,12.38,5.13,2.65,,
100年10月20日,12.38,5.13,2.65,,
100年10月21日,12.49,5.08,2.68,,
100年10月24日,12.75,4.98,2.73,,
100年10月25日,12.8,4.96,2.74,,
100年10月26日,13.12,4.84,2.81,,
100年10月27日,14.02,4.53,3.01,,
100年10月28日,13.86,4.58,2.74,,
100年10月31日,11.49,4.55,2.76,,
100年11月01日,11.75,4.44,2.82,,
100年11月02日,11.88,4.4,2.85,,
100年11月03日,11.62,4.49,2.79,,
100年11月04日,12.01,4.35,2.88,,
100年11月07日,12.01,4.35,2.88,,
100年11月08日,12.14,4.3,2.92,,
100年11月09日,12.23,4.27,2.94,,
100年11月10日,12.01,4.35,2.88,,
100年11月11日,11.75,4.44,2.82,,
100年11月14日,11.79,4.43,2.83,,
100年11月15日,12.01,4.35,2.88,,
100年11月16日,12.84,4.07,3.08,,
100年11月17日,13.62,3.83,3.27,,
100年11月18日,13.36,3.91,3.21,,
100年11月21日,13.23,3.95,3.18,,
100年11月22日,13.14,3.97,3.16,,
100年11月23日,12.79,4.08,3.07,,
100年11月24日,12.71,4.11,3.05,,
100年11月25日,12.53,4.17,3.01,,
100年11月28日,12.88,4.05,3.09,,
100年11月29日,13.4,3.9,3.22,,
100年11月30日,14.23,3.67,3.42,,
100年12月01日,14.23,3.67,3.42,,
100年12月02日,14.19,3.68,3.41,,
100年12月05日,13.32,3.92,3.2,,
100年12月06日,12.75,4.1,3.06,,
100年12月07日,12.88,4.05,3.09,,
100年12月08日,12.92,4.04,3.1,,
100年12月09日,12.84,4.07,3.08,,
100年12月12日,12.88,4.05,3.09,,
100年12月13日,12.66,4.12,3.04,,
100年12月14日,12.62,4.14,3.03,,
100年12月15日,11.97,4.36,2.87,,
100年12月16日,12.01,4.35,2.88,,
100年12月19日,11.84,4.41,2.84,,
100年12月20日,11.53,4.53,2.77,,
100年12月21日,12.18,4.29,2.93,,
100年12月22日,11.97,4.36,2.87,,
100年12月23日,12.62,4.14,3.03,,
100年12月26日,12.27,4.26,2.95,,
100年12月27日,12.36,4.23,2.97,,
100年12月28日,12.32,4.24,2.96,,
100年12月29日,12.53,4.17,3.01,,
100年12月30日,12.66,4.12,3.04,,
101年01月02日,12.23,4.27,2.94,,
101年01月03日,12.36,4.23,2.97,,
101年01月04日,12.27,4.26,2.95,,
101年01月05日,12.32,4.24,2.96,,
101年01月06日,12.23,4.27,2.94,,
101年01月09日,12.18,4.29,2.93,,
101年01月10日,12.27,4.26,2.95,,
101年01月11日,12.32,4.24,2.96,,
101年01月12日,12.27,4.26,2.95,,
101年01月13日,12.23,4.27,2.94,,
101年01月16日,12.4,4.21,2.98,,
101年01月17日,13.23,3.95,3.18,,
101年01月18日,13.19,3.96,3.17,,
101年01月30日,13.27,3.93,3.19,,
101年01月31日,13.32,3.92,3.2,,
101年02月01日,13.19,3.96,3.17,,
101年02月02日,13.14,3.97,3.16,,
101年02月03日,13.58,3.85,3.26,,
101年02月04日,13.58,3.85,3.26,,
101年02月06日,13.58,3.85,3.26,,
101年02月07日,13.71,3.81,3.29,,
101年02月08日,14.66,3.56,3.52,,
101年02月09日,15.14,3.45,3.64,,
101年02月10日,15.19,3.44,3.65,,
101年02月13日,15.49,3.37,3.72,,
101年02月14日,15.32,3.41,3.68,,
101年02月15日,15.54,3.36,3.73,,
101年02月16日,15.06,3.47,3.62,,
101年02月17日,15.1,3.46,3.63,,
101年02月20日,15.4,3.39,3.7,,
101年02月21日,16.45,3.17,3.95,,
101年02月22日,16.93,3.08,4.07,,
101年02月23日,16.71,3.13,4.01,,
101年02月24日,16.58,3.15,3.98,,
101年02月29日,17.36,3.01,4.17,,
101年03月01日,18.28,2.86,4.39,,
101年03月02日,18.76,2.78,4.5,,
101年03月03日,18.19,2.87,4.37,,
101年03月05日,18.02,2.9,4.33,,
101年03月06日,17.97,2.91,4.32,,
101年03月07日,19.19,2.72,4.61,,
101年03月08日,19.28,2.71,4.63,,
101年03月09日,18.62,2.8,4.47,,
101年03月12日,18.45,2.83,4.43,,
101年03月13日,19.71,2.65,4.73,,
101年03月14日,20.41,2.56,4.9,,
101年03月15日,21.76,2.4,5.23,,
101年03月16日,21.85,2.39,5.25,,
101年03月19日,20.71,2.52,4.97,,
101年03月20日,19.97,2.61,4.8,,
101年03月21日,19.63,2.66,4.71,,
101年03月22日,20.8,2.51,5.0,,
101年03月23日,20.28,2.58,4.87,,
101年03月26日,19.67,2.65,4.72,,
101年03月27日,21.02,2.48,5.05,,
101年03月28日,20.58,2.54,4.94,,
101年03月29日,20.54,2.54,4.72,,
101年03月30日,19.73,2.52,4.76,,
101年04月02日,20.02,2.48,4.83,,
101年04月03日,19.73,2.52,4.76,,
101年04月05日,18.37,2.71,4.43,,
101年04月06日,17.91,2.78,4.32,,
101年04月09日,16.67,2.99,4.02,,
101年04月10日,17.0,2.93,4.1,,
101年04月11日,16.58,3.0,4.0,,
101年04月12日,16.54,3.01,3.99,,
101年04月13日,16.75,2.97,4.04,,
101年04月16日,16.09,3.09,3.88,,
101年04月17日,15.01,3.31,3.62,,
101年04月18日,15.59,3.19,3.76,,
101年04月19日,15.75,3.16,3.8,,
101年04月20日,15.51,3.21,3.74,,
101年04月23日,14.97,3.32,3.61,,
101年04月24日,15.09,3.3,3.64,,
101年04月25日,15.34,3.24,3.7,,
101年04月26日,15.59,3.19,3.76,,
101年04月27日,14.8,3.36,3.57,,
101年04月30日,15.42,3.23,3.48,,
101年05月02日,16.19,3.21,3.5,,
101年05月03日,16.54,3.14,3.58,,
101年05月04日,16.84,3.08,3.64,,
101年05月07日,16.54,3.14,3.58,,
101年05月08日,16.45,3.16,3.56,,
101年05月09日,15.93,3.26,3.45,,
101年05月10日,15.97,3.25,3.46,,
101年05月11日,15.97,3.25,3.46,,
101年05月14日,15.5,3.35,3.35,,
101年05月15日,15.76,3.3,3.41,,
101年05月16日,15.06,3.45,3.26,,
101年05月17日,15.58,3.33,3.37,,
101年05月18日,15.28,3.4,3.31,,
101年05月21日,15.67,3.31,3.39,,
101年05月22日,15.67,3.31,3.39,,
101年05月23日,15.63,3.32,3.38,,
101年05月24日,15.67,4.42,3.39,,
101年05月25日,15.67,4.42,3.39,,
101年05月28日,15.76,4.4,3.41,,
101年05月29日,16.84,4.11,3.64,,
101年05月30日,16.41,4.22,3.55,,
101年05月31日,16.93,4.09,3.66,,
101年06月01日,16.15,4.29,3.49,,
101年06月04日,15.54,4.46,3.36,,
101年06月05日,16.54,4.19,3.58,,
101年06月06日,16.62,4.17,3.6,,
101年06月07日,16.28,4.26,3.52,,
101年06月08日,16.06,4.31,3.47,,
101年06月11日,16.54,4.19,3.58,,
101年06月12日,16.54,4.19,3.58,,
101年06月13日,16.58,4.18,3.59,,
101年06月14日,16.62,4.17,3.6,,
101年06月15日,17.06,4.06,3.69,,
101年06月18日,17.45,3.97,3.77,,
101年06月19日,17.1,4.05,3.7,,
101年06月20日,17.58,3.94,3.8,,
101年06月21日,17.32,4.0,3.75,,
101年06月22日,17.32,4.0,3.75,,
101年06月25日,16.93,4.09,3.66,,
101年06月26日,16.58,4.18,3.59,,
101年06月27日,16.62,4.17,3.6,,
101年06月28日,16.19,4.28,3.5,,
101年06月29日,16.71,4.15,3.61,,
101年07月02日,16.8,4.12,3.63,,
101年07月03日,16.93,4.09,3.66,,
101年07月04日,17.14,4.04,3.71,,
101年07月05日,17.84,3.88,3.86,,
101年07月06日,17.58,3.94,3.8,,
101年07月09日,17.45,3.97,3.77,,
101年07月10日,17.4,3.98,3.76,,
101年07月11日,17.32,4.0,3.75,,
101年07月12日,16.19,4.28,3.5,,
101年07月13日,16.06,4.31,3.47,,
101年07月16日,16.1,4.3,3.48,,
101年07月17日,16.54,4.19,3.58,,
101年07月18日,16.36,4.23,3.54,,
101年07月19日,16.71,4.15,3.61,,
101年07月20日,16.67,4.16,3.61,,
101年07月23日,16.36,4.23,3.54,,
101年07月24日,16.45,4.21,3.56,,
101年07月25日,16.45,4.21,3.56,,
101年07月26日,16.36,4.23,3.54,,
101年07月27日,16.71,4.15,3.61,,
101年07月30日,16.8,4.12,3.63,,
101年07月31日,17.4,3.98,3.76,,
101年08月01日,17.66,3.92,3.82,,
101年08月03日,17.62,3.93,3.81,,
101年08月06日,17.53,3.95,3.79,,
101年08月07日,17.88,3.87,3.87,,
101年08月08日,18.92,3.66,4.09,,
101年08月09日,19.05,3.64,4.12,,
101年08月10日,18.79,3.69,4.06,,
101年08月13日,18.53,3.74,4.01,,
101年08月14日,18.61,3.72,4.03,,
101年08月15日,18.53,3.74,4.01,,
101年08月16日,18.53,3.74,4.01,,
101年08月17日,18.18,3.81,3.93,,
101年08月20日,17.36,3.99,3.76,,
101年08月21日,18.05,3.84,3.91,,
101年08月22日,17.92,3.86,3.88,,
101年08月23日,18.01,3.85,3.9,,
101年08月24日,18.1,3.83,3.91,,
101年08月27日,18.14,3.82,3.92,,
101年08月28日,17.92,3.86,3.88,,
101年08月29日,18.74,3.7,4.06,,
101年08月30日,18.18,3.81,3.93,,
101年08月31日,18.7,3.7,4.37,,
101年09月03日,16.44,3.74,4.33,,
101年09月04日,16.36,3.76,4.31,,
101年09月05日,15.98,3.85,4.21,,
101年09月06日,15.78,3.89,4.16,,
101年09月07日,16.01,3.84,4.22,,
101年09月10日,16.05,3.83,4.23,,
101年09月11日,15.9,3.86,4.19,,
101年09月12日,16.01,3.84,4.22,,
101年09月13日,16.09,3.82,4.24,,
101年09月14日,16.4,3.75,4.32,,
101年09月17日,15.82,3.88,4.17,,
101年09月18日,15.94,3.86,4.2,,
101年09月19日,15.98,3.85,4.21,,
101年09月20日,15.82,3.88,4.17,,
101年09月21日,15.98,3.85,4.21,,
101年09月24日,15.82,3.88,4.17,,
101年09月25日,15.98,3.85,4.21,,
101年09月26日,16.13,3.81,4.25,,
101年09月27日,16.13,3.81,4.25,,
101年09月28日,16.09,3.82,4.24,,
101年10月01日,15.98,3.85,4.21,,
101年10月02日,16.21,3.79,4.27,,
101年10月03日,16.05,3.83,4.23,,
101年10月04日,16.24,3.78,4.28,,
101年10月05日,16.28,3.77,4.29,,
101年10月08日,16.17,3.8,4.26,,
101年10月09日,16.01,3.84,4.22,,
101年10月11日,16.05,3.83,4.23,,
101年10月12日,16.01,3.84,4.22,,
101年10月15日,16.21,3.79,4.27,,
101年10月16日,16.24,3.78,4.28,,
101年10月17日,16.13,3.81,4.25,,
101年10月18日,16.28,3.77,4.29,,
101年10月19日,16.21,3.79,4.27,,
101年10月22日,16.28,3.77,4.29,,
101年10月23日,16.01,3.84,4.22,,
101年10月24日,15.98,3.85,4.21,,
101年10月25日,15.94,3.86,4.2,,
101年10月26日,15.9,3.86,4.19,,
101年10月29日,15.78,3.89,4.16,,
101年10月30日,15.82,3.88,4.17,,
101年10月31日,15.98,3.85,3.94,,
101年11月01日,15.95,3.87,3.91,,
101年11月02日,15.06,4.1,3.69,,
101年11月05日,14.59,4.23,3.58,,
101年11月06日,14.75,4.19,3.61,,
101年11月07日,14.4,4.29,3.53,,
101年11月08日,14.13,4.37,3.46,,
101年11月09日,14.17,4.36,3.47,,
101年11月12日,14.17,4.36,3.47,,
101年11月13日,13.63,4.53,3.34,,
101年11月14日,14.05,4.4,3.44,,
101年11月15日,14.09,4.38,3.45,,
101年11月16日,14.44,4.28,3.54,,
101年11月19日,14.94,4.13,3.66,,
101年11月20日,14.79,4.18,3.62,,
101年11月21日,14.52,4.26,3.56,,
101年11月22日,14.67,4.21,3.6,,
101年11月23日,15.44,4.0,3.79,,
101年11月26日,15.98,3.86,3.92,,
101年11月27日,15.79,3.91,3.87,,
101年11月28日,15.6,3.96,3.82,,
101年11月29日,16.18,3.82,3.96,,
101年11月30日,16.6,3.72,4.07,,
101年12月03日,16.53,3.74,4.05,,
101年12月04日,16.29,3.79,3.99,,
101年12月05日,16.56,3.73,4.06,,
101年12月06日,16.56,3.73,4.06,,
101年12月07日,16.33,3.78,4.0,,
101年12月10日,16.22,3.81,3.97,,
101年12月11日,16.29,3.79,3.99,,
101年12月12日,16.76,3.69,4.11,,
101年12月13日,16.76,3.69,4.11,,
101年12月14日,16.99,3.64,4.16,,
101年12月17日,16.91,3.65,4.14,,
101年12月18日,17.07,3.62,4.18,,
101年12月19日,17.68,3.49,4.33,,
101年12月20日,16.91,3.65,4.14,,
101年12月21日,16.68,3.7,4.09,,
101年12月22日,16.53,3.74,4.05,,
101年12月24日,16.45,3.76,4.03,,
101年12月25日,17.07,3.62,4.18,,
101年12月26日,17.22,3.59,4.22,,
101年12月27日,17.45,3.54,4.28,,
101年12月28日,17.99,3.43,4.41,,
102年01月02日,18.03,3.43,4.42,,
102年01月03日,18.46,3.35,4.52,,
102年01月04日,18.76,3.29,4.6,,
102年01月07日,18.69,3.31,4.58,,
102年01月08日,18.38,3.36,4.5,,
102年01月09日,18.15,3.4,4.45,,
102年01月10日,18.03,3.43,4.42,,
102年01月11日,18.15,3.4,4.45,,
102年01月14日,18.11,3.41,4.44,,
102年01月15日,17.88,3.46,4.38,,
102年01月16日,17.68,3.49,4.33,,
102年01月17日,17.37,3.56,4.26,,
102年01月18日,17.53,3.52,4.3,,
102年01月21日,18.22,3.39,4.47,,
102年01月22日,18.11,3.41,4.44,,
102年01月23日,17.76,3.48,4.35,,
102年01月24日,17.76,3.48,4.35,,
102年01月25日,17.53,3.52,4.3,,
102年01月28日,17.72,3.49,4.34,,
102年01月29日,18.11,3.41,4.44,,
102年01月30日,18.22,3.39,4.47,,
102年01月31日,18.19,3.4,4.46,,
102年02月01日,18.19,3.4,4.46,,
102年02月04日,18.38,3.36,4.5,,
102年02月05日,18.3,3.38,4.49,,
102年02月06日,18.34,3.37,4.49,,
102年02月18日,17.92,3.45,4.39,,
102年02月19日,17.88,3.46,4.38,,
102年02月20日,17.92,3.45,4.39,,
102年02月21日,17.76,3.48,4.35,,
102年02月22日,17.61,3.51,4.31,,
102年02月23日,17.45,3.54,4.28,,
102年02月25日,17.37,3.56,4.26,,
102年02月26日,17.22,3.59,4.22,,
102年02月27日,17.45,3.54,4.28,,
102年03月01日,18.03,3.43,4.42,,
102年03月04日,17.68,3.49,4.33,,
102年03月05日,17.49,3.53,4.29,,
102年03月06日,17.99,3.43,4.41,,
102年03月07日,17.88,3.46,4.38,,
102年03月08日,18.03,3.43,4.42,,
102年03月11日,18.73,3.3,4.59,,
102年03月12日,18.69,3.31,4.58,,
102年03月13日,18.69,3.31,4.58,,
102年03月14日,18.07,3.42,4.43,,
102年03月15日,19.31,3.2,4.73,,
102年03月18日,18.8,3.29,4.61,,
102年03月19日,18.88,3.27,4.63,,
102年03月20日,18.42,3.35,4.51,,
102年03月21日,18.69,3.31,4.58,,
102年03月22日,18.76,3.29,4.6,,
102年03月25日,18.76,3.29,4.6,,
102年03月26日,18.46,3.35,4.52,,
102年03月27日,18.69,3.72,4.58,,
102年03月28日,18.57,3.74,4.33,,
102年03月29日,18.13,3.61,4.49,,
102年04月01日,17.73,3.69,4.39,,
102年04月02日,17.73,3.69,4.39,,
102年04月03日,17.95,3.64,4.44,,
102年04月08日,17.41,3.76,4.31,,
102年04月09日,17.01,3.85,4.21,,
102年04月10日,17.22,3.8,4.26,,
102年04月11日,17.95,3.64,4.44,,
102年04月12日,17.51,3.73,4.34,,
102年04月15日,17.48,3.74,4.33,,
102年04月16日,17.81,3.67,4.41,,
102年04月17日,18.24,3.59,4.52,,
102年04月18日,18.24,3.59,4.52,,
102年04月19日,18.6,3.52,4.61,,
102年04月22日,18.5,3.54,4.58,,
102年04月23日,18.35,3.56,4.54,,
102年04月24日,18.6,3.52,4.61,,
102年04月25日,18.5,3.54,4.58,,
102年04月26日,18.79,3.48,4.65,,
102年04月29日,18.9,3.46,4.68,,
102年04月30日,19.15,3.42,4.74,,
102年05月02日,19.11,3.42,4.73,,
102年05月03日,18.9,3.46,4.68,,
102年05月06日,18.9,3.46,4.68,,
102年05月07日,19.04,3.44,4.71,,
102年05月08日,19.91,3.28,4.93,,
102年05月09日,20.13,3.25,4.98,,
102年05月10日,20.86,3.14,5.16,,
102年05月13日,21.26,3.08,5.26,,
102年05月14日,21.77,3.01,5.39,,
102年05月15日,22.17,2.95,5.15,,
102年05月16日,21.87,2.96,5.13,,
102年05月17日,22.16,2.92,5.2,,
102年05月20日,22.09,2.93,5.18,,
102年05月21日,21.73,2.98,5.1,,
102年05月22日,21.58,3.0,5.06,,
102年05月23日,20.94,3.09,4.91,,
102年05月24日,20.79,3.11,4.88,,
102年05月27日,20.43,3.17,4.79,,
102年05月28日,21.83,2.97,5.12,,
102年05月29日,22.99,2.82,5.39,,
102年05月30日,23.38,2.77,5.48,,
102年05月31日,25.0,2.59,5.86,,
102年06月03日,26.04,2.49,6.11,,
102年06月04日,24.53,2.64,5.75,,
102年06月05日,24.75,2.62,5.8,,
102年06月06日,23.31,2.78,5.47,,
102年06月07日,22.45,2.88,5.26,,
102年06月10日,22.77,2.84,5.34,,
102年06月11日,22.45,2.88,5.26,,
102年06月13日,21.87,2.96,5.13,,
102年06月14日,21.87,2.96,5.13,,
102年06月17日,22.01,2.94,5.16,,
102年06月18日,21.58,3.0,5.06,,
102年06月19日,21.65,2.99,5.08,,
102年06月20日,21.08,3.07,4.94,,
102年06月21日,20.22,3.2,4.74,,
102年06月24日,20.29,3.19,4.76,,
102年06月25日,20.25,3.2,4.75,,
102年06月26日,21.65,2.99,5.08,,
102年06月27日,23.17,2.8,5.43,,
102年06月28日,23.24,2.79,5.45,,
102年07月01日,23.53,2.75,5.52,,
102年07月02日,23.38,2.77,5.48,,
102年07月03日,23.35,2.77,5.48,,
102年07月04日,23.42,2.76,5.49,,
102年07月05日,25.04,2.59,5.87,,
102年07月08日,24.46,2.65,5.74,,
102年07月09日,25.68,2.52,6.02,,
102年07月10日,27.09,2.39,6.35,,
102年07月11日,28.96,2.24,6.79,,
102年07月12日,28.35,2.28,6.65,,
102年07月15日,28.71,2.26,6.73,,
102年07月16日,29.14,2.22,6.83,,
102年07月17日,29.06,2.23,6.82,,
102年07月18日,28.49,2.27,6.68,,
102年07月19日,28.71,2.26,6.73,,
102年07月22日,28.71,2.26,6.73,,
102年07月23日,28.78,2.25,6.75,,
102年07月24日,27.91,2.32,6.55,,
102年07月25日,25.97,2.49,6.09,,
102年07月26日,24.17,2.68,5.67,,
102年07月29日,24.89,2.6,5.84,,
102年07月30日,24.89,2.6,5.84,,
102年07月31日,23.88,2.71,5.6,,
102年08月01日,23.96,2.7,5.62,,
102年08月02日,24.32,2.66,5.7,,
102年08月05日,24.24,2.67,5.69,,
102年08月06日,23.53,2.75,5.52,,
102年08月07日,22.55,2.87,5.29,,
102年08月08日,22.41,2.89,5.26,,
102年08月09日,21.22,3.05,4.98,,
102年08月12日,21.83,2.97,5.12,,
102年08月13日,21.58,3.0,5.06,,
102年08月14日,20.83,3.11,5.43,,
102年08月15日,21.72,3.14,5.37,,
102年08月16日,22.06,3.09,5.45,,
102年08月19日,21.83,3.13,5.4,,
102年08月20日,20.74,3.29,5.13,,
102年08月22日,21.04,3.24,5.2,,
102年08月23日,21.0,3.25,5.19,,
102年08月26日,21.0,3.25,5.19,,
102年08月27日,20.2,3.38,5.0,,
102年08月28日,20.62,3.31,5.1,,
102年08月29日,21.0,3.25,5.19,,
102年08月30日,22.44,3.04,5.55,,
102年09月02日,23.35,2.92,5.77,,
102年09月03日,23.16,2.95,5.73,,
102年09月04日,22.52,3.03,5.57,,
102年09月05日,23.12,2.95,5.72,,
102年09月06日,23.54,2.9,5.82,,
102年09月09日,23.81,2.87,5.89,,
102年09月10日,23.81,2.87,5.89,,
102年09月11日,23.88,2.86,5.9,,
102年09月12日,25.55,2.67,6.32,,
102年09月13日,25.59,2.67,6.33,,
102年09月14日,25.7,2.65,6.35,,
102年09月16日,26.16,2.61,6.47,,
102年09月17日,25.85,2.64,6.39,,
102年09月18日,25.85,2.64,6.39,,
102年09月23日,25.44,2.68,6.29,,
102年09月24日,25.02,2.73,6.19,,
102年09月25日,25.7,2.65,6.35,,
102年09月26日,25.28,2.7,6.25,,
102年09月27日,25.32,2.69,6.26,,
102年09月30日,24.41,2.8,6.04,,
102年10月01日,24.83,2.75,6.14,,
102年10月02日,25.02,2.73,6.19,,
102年10月03日,25.66,2.66,6.34,,
102年10月04日,25.74,2.65,6.36,,
102年10月07日,25.28,2.7,6.25,,
102年10月08日,25.4,2.69,6.28,,
102年10月09日,25.63,2.66,6.34,,
102年10月11日,26.27,2.6,6.49,,
102年10月14日,25.89,2.64,6.4,,
102年10月15日,26.12,2.61,6.46,,
102年10月16日,25.78,2.65,6.37,,
102年10月17日,26.57,2.57,6.57,,
102年10月18日,27.33,2.5,6.76,,
102年10月21日,26.76,2.55,6.62,,
102年10月22日,26.54,2.57,6.56,,
102年10月23日,26.31,2.59,6.5,,
102年10月24日,26.38,2.59,6.52,,
102年10月25日,26.0,2.62,6.43,,
102年10月28日,26.54,2.57,6.56,,
102年10月29日,26.46,2.58,6.54,,
102年10月30日,26.54,2.57,6.56,,
102年10月31日,26.54,2.57,6.56,,
106年12月18日,26.08,2.62,6.45,,
102年11月04日,25.47,2.68,6.3,,
102年11月05日,24.94,2.74,6.17,,
102年11月06日,25.25,2.7,6.24,,
102年11月07日,25.32,2.69,6.26,,
102年11月08日,25.4,2.69,6.28,,
102年11月11日,24.94,2.74,6.17,,
102年11月12日,25.02,2.73,6.19,,
102年11月13日,24.79,2.75,5.74,,
102年11月14日,24.27,2.77,5.7,,
102年11月15日,24.35,2.76,5.72,,
102年11月18日,24.27,2.77,5.7,,
102年11月19日,24.72,2.72,5.81,,
102年11月20日,24.35,2.76,5.72,,
102年11月21日,23.53,2.86,5.53,,
102年11月22日,23.34,2.88,5.48,,
102年11月25日,24.94,2.69,5.86,,
102年11月26日,25.13,2.67,5.91,,
102年11月27日,24.87,2.7,5.84,,
102年11月28日,25.62,2.62,6.02,,
102年11月29日,25.69,2.62,6.04,,
102年12月02日,25.58,2.63,6.01,,
102年12月03日,25.28,2.66,5.94,,
102年12月04日,25.77,2.61,6.05,,
102年12月05日,25.65,2.62,6.03,,
102年12月06日,25.58,2.63,6.01,,
102年12月09日,26.06,2.58,6.12,,
102年12月10日,26.36,2.55,6.2,,
102年12月11日,26.55,2.53,6.24,,
102年12月12日,26.21,2.56,6.16,,
102年12月13日,26.1,2.58,6.13,,
102年12月16日,26.25,2.56,6.17,,
102年12月17日,26.18,2.57,6.15,,
102年12月18日,25.99,2.59,6.11,,
102年12月19日,25.95,2.59,6.1,,
102年12月20日,26.33,2.55,6.19,,
102年12月23日,26.14,2.57,6.14,,
102年12月24日,26.36,2.55,6.2,,
102年12月25日,26.36,2.55,6.2,,
102年12月26日,26.36,2.55,6.2,,
102年12月27日,26.59,2.53,6.25,,
102年12月30日,26.89,2.5,6.32,,
102年12月31日,27.48,2.45,6.46,,
103年01月02日,27.78,2.42,6.53,,
103年01月03日,28.38,2.37,6.67,,
103年01月06日,27.82,2.42,6.54,,
103年01月07日,27.52,2.44,6.47,,
103年01月08日,28.12,2.39,6.61,,
103年01月09日,28.34,2.37,6.66,,
103年01月10日,28.08,2.39,6.6,,
103年01月13日,28.16,2.39,6.62,,
103年01月14日,28.19,2.38,6.63,,
103年01月15日,28.3,2.37,6.65,,
103年01月16日,28.16,2.39,6.62,,
103年01月17日,27.41,2.45,6.44,,
103年01月20日,28.08,2.39,6.6,,
103年01月21日,28.08,2.39,6.6,,
103年01月22日,28.23,2.38,6.63,,
103年01月23日,27.78,2.42,6.53,,
103年01月24日,27.97,2.4,6.57,,
103年01月27日,27.45,2.45,6.45,,
103年02月05日,26.18,2.57,6.15,,
103年02月06日,25.65,2.62,6.03,,
103年02月07日,26.92,2.5,6.33,,
103年02月10日,26.55,2.53,6.24,,
103年02月11日,26.81,2.51,6.3,,
103年02月12日,27.0,2.49,6.34,,
103年02月13日,26.33,2.55,6.19,,
103年02月14日,26.62,2.52,6.26,,
103年02月17日,26.7,2.52,6.27,,
103年02月18日,26.89,2.5,6.32,,
103年02月19日,26.7,2.52,6.27,,
103年02月20日,27.0,2.49,6.34,,
103年02月21日,27.26,2.47,6.41,,
103年02月24日,27.63,2.43,6.49,,
103年02月25日,28.01,2.4,6.58,,
103年02月26日,27.52,2.44,6.47,,
103年02月27日,27.78,2.42,6.53,,
103年03月03日,27.11,2.48,6.37,,
103年03月04日,26.74,2.51,6.28,,
103年03月05日,27.3,2.46,6.41,,
103年03月06日,27.71,2.43,6.51,,
103年03月07日,27.67,2.43,6.5,,
103年03月10日,27.63,2.43,6.49,,
103年03月11日,27.52,2.44,6.47,,
103年03月12日,27.63,2.43,6.49,,
103年03月13日,27.48,2.45,6.46,,
103年03月14日,26.92,2.5,6.33,,
103年03月17日,26.96,2.49,6.34,,
103年03月18日,26.96,2.49,6.34,,
103年03月19日,26.55,2.53,6.24,,
103年03月20日,26.03,2.58,6.12,,
103年03月21日,26.03,2.58,6.12,,
103年03月24日,26.29,2.56,6.18,,
103年03月25日,26.51,2.54,6.23,,
103年03月26日,26.29,2.7,6.18,,
103年03月27日,26.29,2.7,5.82,,
103年03月28日,25.45,2.66,5.89,,
103年03月31日,26.27,2.58,6.08,,
103年04月01日,26.05,2.6,6.03,,
103年04月02日,26.02,2.61,6.02,,
103年04月03日,26.34,2.57,6.1,,
103年04月07日,26.27,2.58,6.08,,
103年04月08日,26.41,2.57,6.12,,
103年04月09日,26.62,2.55,6.17,,
103年04月10日,26.41,2.57,6.12,,
103年04月11日,26.45,2.56,6.12,,
103年04月14日,26.48,2.56,6.13,,
103年04月15日,26.52,2.56,6.14,,
103年04月16日,26.34,2.57,6.1,,
103年04月17日,26.34,2.57,6.1,,
103年04月18日,26.23,2.59,6.07,,
103年04月21日,25.98,2.61,6.02,,
103年04月22日,25.95,2.61,6.01,,
103年04月23日,26.09,2.6,6.04,,
103年04月24日,26.02,2.61,6.02,,
103年04月25日,25.7,2.64,5.95,,
103年04月28日,26.16,2.59,6.06,,
103年04月29日,25.87,2.62,5.99,,
103年04月30日,25.27,2.68,5.85,,
103年05月02日,25.77,2.63,5.97,,
103年05月05日,25.37,2.67,5.88,,
103年05月06日,25.16,2.7,5.83,,
103年05月07日,25.37,2.67,5.88,,
103年05月08日,25.2,2.69,5.83,,
103年05月09日,25.34,2.68,5.5,,
103年05月12日,24.65,2.7,5.44,,
103年05月13日,24.82,2.68,5.48,,
103年05月14日,25.07,2.66,5.53,,
103年05月15日,25.11,2.65,5.54,,
103年05月16日,24.82,2.68,5.48,,
103年05月19日,25.07,2.66,5.53,,
103年05月20日,24.68,2.7,5.45,,
103年05月21日,24.86,2.68,5.49,,
103年05月22日,25.14,2.65,5.55,,
103年05月23日,25.0,2.66,5.52,,
103年05月26日,24.86,2.68,5.49,,
103年05月27日,24.68,2.7,5.45,,
103年05月28日,24.72,2.7,5.46,,
103年05月29日,24.72,2.7,5.46,,
103年05月30日,24.54,2.71,5.42,,
103年06月03日,24.86,2.68,5.49,,
103年06月04日,24.65,2.7,5.44,,
103年06月05日,24.89,2.68,5.5,,
103年06月06日,24.79,2.69,5.47,,
103年06月09日,24.89,2.68,5.5,,
103年06月10日,25.18,2.65,5.56,,
103年06月11日,25.39,2.62,5.6,,
103年06月12日,25.49,2.61,5.63,,
103年06月13日,25.18,2.65,5.56,,
103年06月16日,25.21,2.64,5.57,,
103年06月17日,25.32,2.63,5.59,,
103年06月18日,25.77,2.59,5.69,,
103年06月19日,25.67,3.44,5.67,,
103年06月20日,25.53,3.46,5.63,,
103年06月23日,25.56,3.46,5.64,,
103年06月24日,26.37,3.35,5.82,,
103年06月25日,26.58,3.32,5.87,,
103年06月26日,26.72,3.31,5.9,,
103年06月27日,26.72,3.31,5.9,,
103年06月30日,26.72,3.31,5.9,,
103年07月01日,27.0,3.27,5.96,,
103年07月02日,27.14,3.26,5.99,,
103年07月03日,26.82,3.29,5.92,,
103年07月04日,26.89,3.29,5.94,,
103年07月07日,26.86,3.29,5.93,,
103年07月08日,26.75,3.3,5.91,,
103年07月09日,26.61,3.32,5.87,,
103年07月10日,27.14,3.26,5.99,,
103年07月11日,26.79,3.3,5.91,,
103年07月14日,27.07,3.26,5.98,,
103年07月15日,26.65,3.32,5.88,,
103年07月16日,26.16,3.38,5.77,,
103年07月17日,26.68,3.31,5.89,,
103年07月18日,26.89,3.29,5.94,,
103年07月21日,26.72,3.31,5.9,,
103年07月22日,27.07,3.26,5.98,,
103年07月24日,27.03,3.27,5.97,,
103年07月25日,27.21,3.25,6.01,,
103年07月28日,27.91,3.17,6.16,,
103年07月29日,29.56,2.99,6.52,,
103年07月30日,30.36,2.91,6.7,,
103年07月31日,27.42,3.22,6.05,,
103年08月01日,26.54,3.33,5.86,,
103年08月04日,27.14,3.26,5.99,,
103年08月05日,25.35,3.49,5.6,,
103年08月06日,26.3,3.36,5.8,,
103年08月07日,25.6,3.45,5.65,,
103年08月08日,25.63,3.45,5.66,,
103年08月11日,25.77,3.43,5.69,,
103年08月12日,26.16,3.38,6.6,,
103年08月13日,24.32,3.28,6.79,,
103年08月14日,24.48,3.26,6.84,,
103年08月15日,24.48,3.26,6.84,,
103年08月18日,24.45,3.26,6.83,,
103年08月19日,25.55,3.12,7.14,,
103年08月20日,25.36,3.15,7.08,,
103年08月21日,25.65,3.11,7.16,,
103年08月22日,26.6,3.0,7.43,,
103年08月25日,26.47,3.01,7.39,,
103年08月26日,26.73,2.99,7.47,,
103年08月27日,27.58,2.89,7.7,,
103年08月28日,27.36,2.92,7.64,,
103年08月29日,26.63,3.0,7.44,,
103年09月01日,27.11,2.94,7.57,,
103年09月02日,26.63,3.0,7.44,,
103年09月03日,27.45,2.91,7.67,,
103年09月04日,27.23,2.93,7.61,,
103年09月05日,26.92,2.96,7.52,,
103年09月09日,26.85,2.97,7.5,,
103年09月10日,26.79,2.98,7.48,,
103年09月11日,26.47,3.01,7.39,,
103年09月12日,26.54,3.01,7.41,,
103年09月15日,26.69,2.99,7.46,,
103年09月16日,26.25,3.04,7.33,,
103年09月17日,26.44,3.02,7.39,,
103年09月18日,26.41,3.02,7.38,,
103年09月19日,26.73,2.99,7.47,,
103年09月22日,26.16,3.05,7.31,,
103年09月23日,25.9,3.08,7.24,,
103年09月24日,26.25,3.04,7.33,,
103年09月25日,26.12,3.05,7.3,,
103年09月26日,26.25,3.04,7.33,,
103年09月29日,25.65,3.11,7.16,,
103年09月30日,26.22,3.04,7.32,,
103年10月01日,25.84,3.09,7.22,,
103年10月02日,25.46,3.13,7.11,,
103年10月03日,25.65,3.11,7.16,,
103年10月06日,25.52,3.13,7.13,,
103年10月07日,26.19,3.05,7.31,,
103年10月08日,25.9,3.08,7.24,,
103年10月09日,26.47,3.01,7.39,,
103年10月13日,26.0,3.07,7.26,,
103年10月14日,26.19,3.05,7.31,,
103年10月15日,25.52,3.13,7.13,,
103年10月16日,25.49,3.13,7.12,,
103年10月17日,24.38,3.27,6.81,,
103年10月20日,25.3,3.15,7.07,,
103年10月21日,25.08,3.18,7.01,,
103年10月22日,25.9,3.08,7.24,,
103年10月23日,26.19,3.05,7.31,,
103年10月24日,25.4,3.14,7.09,,
103年10月27日,26.09,3.06,7.29,,
103年10月28日,27.74,2.88,7.75,,
103年10月29日,27.87,2.86,7.78,,
103年10月30日,28.12,2.84,7.85,,
103年10月31日,28.18,2.83,7.87,,
103年11月03日,28.37,2.81,7.92,,
103年11月04日,28.21,2.83,7.88,,
103年11月05日,28.56,2.79,7.98,,
103年11月06日,28.78,2.77,8.04,,
103年11月07日,28.37,2.81,7.92,,
103年11月10日,30.27,2.64,8.46,,
103年11月11日,30.53,2.61,8.53,,
103年11月12日,28.97,2.75,7.48,,
103年11月13日,27.52,2.75,7.48,,
103年11月14日,27.16,2.79,7.39,,
103年11月17日,26.38,2.87,7.17,,
103年11月18日,28.13,2.69,7.65,,
103年11月19日,29.72,2.55,8.08,,
103年11月20日,29.42,2.57,8.0,,
103年11月21日,29.57,2.56,8.04,,
103年11月24日,29.93,2.53,8.14,,
103年11月25日,29.66,2.55,8.06,,
103年11月26日,29.45,2.57,8.01,,
103年11月27日,29.33,2.58,7.97,,
103年11月28日,29.18,2.6,7.93,,
103年12月01日,28.61,2.65,7.78,,
103年12月02日,28.13,2.69,7.65,,
103年12月03日,29.75,2.55,8.09,,
103年12月04日,29.63,2.56,8.06,,
103年12月05日,29.09,2.6,7.91,,
103年12月08日,29.57,2.56,8.04,,
103年12月09日,29.27,2.59,7.96,,
103年12月10日,28.73,2.64,7.81,,
103年12月11日,28.46,2.66,7.74,,
103年12月12日,28.16,2.69,7.66,,
103年12月15日,27.64,2.74,7.52,,
103年12月16日,27.94,2.71,7.6,,
103年12月17日,27.61,2.74,7.51,,
103年12月18日,27.49,2.75,7.48,,
103年12月19日,27.58,2.75,7.5,,
103年12月22日,27.82,2.72,7.57,,
103年12月23日,27.82,2.72,7.57,,
103年12月24日,28.49,2.66,7.75,,
103年12月25日,28.34,2.67,7.7,,
103年12月26日,28.73,2.64,7.81,,
103年12月27日,28.4,2.67,7.72,,
103年12月29日,29.12,2.6,7.92,,
103年12月30日,28.79,2.63,7.83,,
103年12月31日,28.58,2.65,7.77,,
104年01月05日,27.94,2.71,7.6,,
104年01月06日,26.83,2.82,7.3,,
104年01月07日,26.47,2.86,7.2,,
104年01月08日,26.68,2.84,7.25,,
104年01月09日,27.16,2.79,7.39,,
104年01月12日,26.59,2.85,7.23,,
104年01月13日,27.4,2.76,7.45,,
104年01月14日,26.83,2.82,7.3,,
104年01月15日,26.65,2.84,7.25,,
104年01月16日,26.14,2.9,7.11,,
104年01月19日,26.65,2.84,7.25,,
104年01月20日,26.86,2.82,7.3,,
104年01月21日,27.46,2.76,7.47,,
104年01月22日,27.4,2.76,7.45,,
104年01月23日,27.67,2.74,7.52,,
104年01月26日,27.76,2.73,7.55,,
104年01月27日,27.85,2.72,7.57,,
104年01月28日,27.79,2.72,7.56,,
104年01月29日,27.22,2.78,7.4,,
104年01月30日,27.28,2.78,7.42,,
104年02月02日,27.61,2.74,7.51,,
104年02月03日,27.4,2.76,7.45,,
104年02月04日,27.85,2.72,7.57,,
104年02月05日,28.0,2.7,7.61,,
104年02月06日,28.25,2.68,7.68,,
104年02月09日,28.37,2.67,7.71,,
104年02月10日,28.88,2.62,7.85,,
104年02月11日,29.03,2.61,7.89,,
104年02月12日,28.94,2.62,7.87,,
104年02月13日,28.85,2.63,7.84,,
104年02月24日,29.12,2.6,7.92,,
104年02月25日,29.27,2.59,7.96,,
104年02月26日,28.73,2.64,7.81,,
104年03月02日,29.03,2.61,7.89,,
104年03月03日,28.55,2.65,7.76,,
104年03月04日,28.82,2.63,7.83,,
104年03月05日,28.7,2.64,7.8,,
104年03月06日,28.58,2.65,7.77,,
104年03月09日,28.16,2.69,7.66,,
104年03月10日,27.58,2.75,7.5,,
104年03月11日,27.88,2.72,7.58,,
104年03月12日,28.13,2.69,7.65,,
104年03月13日,27.67,2.74,7.52,,
104年03月16日,27.52,2.75,7.48,,
104年03月17日,27.7,2.73,7.53,,
104年03月18日,28.85,2.63,7.84,,
104年03月19日,29.09,2.6,7.91,,
104年03月20日,28.97,2.61,7.88,,
104年03月23日,29.09,2.6,7.91,,
104年03月24日,29.12,2.6,7.92,,
104年03月25日,28.58,2.21,7.34,,
104年03月26日,28.83,2.16,7.49,,
104年03月27日,28.15,2.22,7.31,,
104年03月30日,28.47,2.19,7.4,,
104年03月31日,28.71,2.17,7.46,,
104年04月01日,28.38,2.2,7.38,,
104年04月02日,28.77,2.17,7.48,,
104年04月07日,28.47,2.19,7.4,,
104年04月08日,28.59,2.18,7.43,,
104年04月09日,28.36,2.2,7.37,,
104年04月10日,28.3,2.2,7.35,,
104年04月13日,28.12,2.22,7.31,,
104年04月14日,27.82,2.24,7.23,,
104年04月15日,27.46,2.27,7.14,,
104年04月16日,27.91,2.23,7.25,,
104年04月17日,27.97,2.23,7.27,,
104年04月20日,28.12,2.22,7.31,,
104年04月21日,27.88,2.24,7.24,,
104年04月22日,28.15,2.22,7.31,,
104年04月23日,28.71,2.17,7.46,,
104年04月24日,29.1,2.14,7.56,,
104年04月27日,29.45,2.12,7.65,,
104年04月28日,29.69,2.1,7.71,,
104年04月29日,30.29,2.06,7.87,,
104年04月30日,31.53,1.98,8.19,,
104年05月04日,30.34,2.05,7.88,,
104年05月05日,30.94,2.02,8.04,,
104年05月06日,30.52,2.04,7.93,,
104年05月07日,30.52,2.04,7.93,,
104年05月08日,30.46,2.05,7.92,,
104年05月11日,30.82,2.02,8.01,,
104年05月12日,31.29,1.99,8.13,,
104年05月13日,30.82,2.02,7.39,,
104年05月14日,27.93,2.07,7.22,,
104年05月15日,27.88,2.08,7.21,,
104年05月18日,28.1,2.06,7.26,,
104年05月19日,28.54,2.03,7.38,,
104年05月20日,27.99,2.07,7.24,,
104年05月21日,27.22,2.13,7.04,,
104年05月22日,27.33,2.12,7.06,,
104年05月25日,26.97,2.15,6.97,,
104年05月26日,27.77,2.08,7.18,,
104年05月27日,27.52,2.1,7.11,,
104年05月28日,27.11,2.13,7.01,,
104年05月29日,27.25,2.12,7.04,,
104年06月01日,27.02,2.14,6.99,,
104年06月02日,26.42,2.19,6.83,,
104年06月03日,26.09,2.22,6.74,,
104年06月04日,25.18,2.3,6.51,,
104年06月05日,24.82,2.33,6.42,,
104年06月08日,25.45,2.27,6.58,,
104年06月09日,24.68,2.34,6.38,,
104年06月10日,24.57,2.35,6.35,,
104年06月11日,24.13,2.4,6.24,,
104年06月12日,24.46,2.36,6.32,,
104年06月15日,23.75,2.44,6.14,,
104年06月16日,22.59,2.56,5.84,,
104年06月17日,22.29,2.6,5.76,,
104年06月18日,22.42,2.58,5.8,,
104年06月22日,23.58,2.45,6.1,,
104年06月23日,24.02,2.41,6.21,,
104年06月24日,23.97,2.41,6.2,,
104年06月25日,24.33,2.38,6.29,,
104年06月26日,24.41,2.37,6.31,,
104年06月29日,23.58,2.45,6.1,,
104年06月30日,24.08,2.4,6.22,,
104年07月01日,24.1,2.4,6.23,,
104年07月02日,24.44,2.37,6.32,,
104年07月03日,23.83,2.43,6.16,,
104年07月06日,23.11,2.5,5.97,,
104年07月07日,23.53,2.46,6.08,,
104年07月08日,22.62,2.56,5.85,,
104年07月09日,22.56,2.56,5.83,,
104年07月13日,22.51,2.57,5.82,,
104年07月14日,22.67,2.55,5.86,,
104年07月15日,23.0,2.51,5.95,,
104年07月16日,23.03,2.51,5.95,,
104年07月17日,22.64,2.55,5.85,,
104年07月20日,22.89,2.53,5.92,,
104年07月21日,22.87,2.53,5.91,,
104年07月22日,22.81,2.54,5.9,,
104年07月23日,22.7,2.55,5.87,,
104年07月24日,22.51,2.57,5.82,,
104年07月27日,22.48,2.57,5.81,,
104年07月28日,22.92,2.52,5.93,,
104年07月29日,22.89,2.53,5.92,,
104年07月30日,22.92,2.52,5.93,,
104年07月31日,22.31,2.59,5.77,,
104年08月03日,22.15,2.61,5.73,,
104年08月04日,23.58,2.45,6.1,,
104年08月05日,24.46,2.36,6.32,,
104年08月06日,24.44,2.37,6.32,,
104年08月07日,23.97,2.41,6.2,,
104年08月10日,24.24,2.39,6.27,,
104年08月11日,23.28,2.49,6.02,,
104年08月12日,22.95,2.52,6.48,,
104年08月13日,23.53,2.45,6.66,,
104年08月14日,22.81,2.53,6.46,,
104年08月17日,22.43,2.57,6.35,,
104年08月18日,22.4,2.58,6.34,,
104年08月19日,21.63,2.67,6.12,,
104年08月20日,20.92,2.76,5.92,,
104年08月21日,19.57,2.95,5.54,,
104年08月24日,17.62,3.28,4.99,,
104年08月25日,17.54,3.29,4.96,,
104年08月26日,17.81,3.24,5.04,,
104年08月27日,18.14,3.18,5.13,,
104年08月28日,19.85,2.91,5.62,,
104年08月31日,19.68,2.93,5.57,,
104年09月01日,19.68,2.93,5.57,,
104年09月02日,19.3,2.99,5.46,,
104年09月03日,19.43,2.97,5.5,,
104年09月04日,19.05,3.03,5.39,,
104年09月07日,19.16,3.01,5.42,,
104年09月08日,18.99,3.04,5.37,,
104年09月09日,20.67,2.79,5.85,,
104年09月10日,20.89,2.76,5.91,,
104年09月11日,20.56,2.81,5.82,,
104年09月14日,20.48,2.82,5.79,,
104年09月15日,20.31,2.84,5.75,,
104年09月16日,21.06,2.74,5.96,,
104年09月17日,20.84,2.77,5.9,,
104年09月18日,20.86,2.77,5.9,,
104年09月21日,20.56,2.81,5.82,,
104年09月22日,20.62,2.8,5.83,,
104年09月23日,20.2,2.86,5.72,,
104年09月24日,19.43,2.97,5.5,,
104年09月25日,19.74,2.92,5.58,,
104年09月30日,19.24,3.0,5.44,,
104年10月01日,20.07,2.88,5.68,,
104年10月02日,19.71,2.93,5.58,,
104年10月05日,19.96,2.89,5.65,,
104年10月06日,20.15,2.86,5.7,,
104年10月07日,20.67,2.79,5.85,,
104年10月08日,20.34,2.84,5.76,,
104年10月12日,20.97,2.75,5.93,,
104年10月13日,20.95,2.76,5.93,,
104年10月14日,20.75,2.78,5.87,,
104年10月15日,21.22,2.72,6.0,,
104年10月16日,21.36,2.7,6.04,,
104年10月19日,21.25,2.72,6.01,,
104年10月20日,21.5,2.69,6.08,,
104年10月21日,21.72,2.66,6.14,,
104年10月22日,21.96,2.63,6.21,,
104年10月23日,21.61,2.67,6.11,,
104年10月26日,21.96,2.63,6.21,,
104年10月27日,21.88,2.64,6.19,,
104年10月28日,21.39,2.7,6.05,,
104年10月29日,21.28,2.71,6.02,,
104年10月30日,20.97,2.75,5.93,,
104年11月02日,21.06,2.74,5.96,,
104年11月03日,21.25,2.72,6.01,,
104年11月04日,21.5,2.69,6.08,,
104年11月05日,21.3,2.71,6.03,,
104年11月06日,20.89,2.76,5.91,,
104年11月09日,20.81,2.77,5.89,,
104年11月10日,20.81,2.83,5.41,,
104年11月11日,20.59,2.86,5.35,,
104年11月12日,20.67,2.85,5.37,,
104年11月13日,19.83,2.97,5.15,,
104年11月16日,19.41,3.04,5.04,,
104年11月17日,19.89,2.97,5.17,,
104年11月18日,19.1,3.09,4.96,,
104年11月19日,19.38,3.04,5.04,,
104年11月20日,19.3,3.06,5.02,,
104年11月23日,19.52,3.02,5.07,,
104年11月24日,19.24,3.07,5.0,,
104年11月25日,19.21,3.07,4.99,,
104年11月26日,19.89,2.97,5.17,,
104年11月27日,19.69,3.0,5.12,,
104年11月30日,19.83,2.97,5.15,,
104年12月01日,21.18,2.79,5.5,,
104年12月02日,21.07,2.8,5.48,,
104年12月03日,21.4,2.76,5.56,,
104年12月04日,21.01,2.81,5.46,,
104年12月07日,21.46,2.75,5.58,,
104年12月08日,21.04,2.8,5.47,,
104年12月09日,20.62,2.86,5.36,,
104年12月10日,20.81,2.83,5.41,,
104年12月11日,20.22,2.92,5.26,,
104年12月14日,20.67,2.85,5.37,,
104年12月15日,20.39,2.89,5.3,,
104年12月16日,21.18,2.79,5.5,,
104年12月17日,21.12,2.79,5.49,,
104年12月18日,21.12,2.79,5.49,,
104年12月21日,21.26,2.77,5.53,,
104年12月22日,21.63,2.73,5.62,,
104年12月23日,21.63,2.73,5.62,,
104年12月24日,21.57,2.73,5.61,,
104年12月25日,21.52,2.74,5.59,,
104年12月28日,21.74,2.71,5.65,,
104年12月29日,21.6,2.73,5.61,,
104年12月30日,21.15,2.79,5.5,,
104年12月31日,21.35,2.76,5.55,,
105年01月04日,20.48,2.88,5.32,,
105年01月05日,20.48,2.88,5.32,,
105年01月06日,20.87,2.83,5.42,,
105年01月07日,20.28,2.91,5.27,,
105年01月08日,19.86,2.97,5.16,,
105年01月11日,19.1,3.09,4.96,,
105年01月12日,19.33,3.05,5.02,,
105年01月13日,19.47,3.03,5.06,,
105年01月14日,19.24,3.07,5.0,,
105年01月15日,18.79,3.14,4.88,,
105年01月18日,18.9,3.12,4.91,,
105年01月19日,18.85,3.13,4.9,,
105年01月20日,18.06,3.27,4.69,,
105年01月21日,18.01,3.28,4.68,,
105年01月22日,18.29,3.23,4.75,,
105年01月25日,18.54,3.18,4.82,,
105年01月26日,18.15,3.25,4.72,,
105年01月27日,18.2,3.24,4.73,,
105年01月28日,18.31,3.22,4.76,,
105年01月29日,19.07,3.09,4.96,,
105年01月30日,19.35,3.05,5.03,,
105年02月01日,19.21,3.07,4.99,,
105年02月02日,18.85,3.13,4.9,,
105年02月03日,18.43,3.2,4.79,,
105年02月15日,18.71,3.15,4.86,,
105年02月16日,18.71,3.15,4.86,,
105年02月17日,18.99,3.11,4.94,,
105年02月18日,19.24,3.07,5.0,,
105年02月19日,19.19,3.07,4.99,,
105年02月22日,19.04,3.1,4.95,,
105年02月23日,18.93,3.12,4.92,,
105年02月24日,18.99,3.11,4.94,,
105年02月25日,19.27,3.06,5.01,,
105年02月26日,19.35,3.05,5.03,,
105年03月01日,19.13,3.08,4.97,,
105年03月02日,19.19,3.07,4.99,,
105年03月03日,19.44,3.03,5.05,,
105年03月04日,19.66,3.0,5.11,,
105年03月07日,19.55,3.02,5.08,,
105年03月08日,20.17,2.92,5.24,,
105年03月09日,19.61,3.01,5.1,,
105年03月10日,19.94,2.96,5.18,,
105年03月11日,20.06,2.94,5.21,,
105年03月14日,20.17,2.92,5.24,,
105年03月15日,19.69,3.0,5.12,,
105年03月16日,19.66,3.0,5.11,,
105年03月17日,19.78,2.98,5.14,,
105年03月18日,19.8,2.98,5.15,,
105年03月21日,20.14,2.93,5.23,,
105年03月22日,19.94,2.96,5.18,,
105年03月23日,19.89,2.97,5.17,,
105年03月24日,20.03,2.95,5.21,,
105年03月25日,19.8,2.98,5.15,,
105年03月28日,19.47,3.03,5.06,,
105年03月29日,19.33,3.03,4.8,,
105年03月30日,19.72,2.97,4.9,,
105年03月31日,19.78,2.97,4.91,,
105年04月01日,19.33,3.03,4.8,,
105年04月06日,18.85,3.11,4.68,,
105年04月07日,18.46,3.18,4.59,,
105年04月08日,18.18,3.23,4.52,,
105年04月11日,18.46,3.18,4.59,,
105年04月12日,18.41,3.19,4.57,,
105年04月13日,19.11,3.07,4.75,,
105年04月14日,18.83,3.12,4.68,,
105年04月15日,19.61,2.99,4.87,,
105年04月18日,19.41,3.02,4.82,,
105年04月19日,18.85,3.11,4.68,,
105年04月20日,18.18,3.23,4.52,,
105年04月21日,18.3,3.21,4.54,,
105年04月22日,18.18,3.23,4.52,,
105年04月25日,18.41,3.19,4.57,,
105年04月26日,18.6,3.15,4.62,,
105年04月27日,18.32,3.2,4.55,,
105年04月28日,18.02,3.26,4.47,,
105年04月29日,17.82,3.29,4.43,,
105年05月03日,17.74,3.31,4.41,,
105年05月04日,16.96,3.46,4.21,,
105年05月05日,17.09,3.43,4.25,,
105年05月06日,16.79,3.49,4.17,,
105年05月09日,16.7,3.51,4.15,,
105年05月10日,16.96,3.56,3.84,,
105年05月11日,17.08,4.04,3.86,,
105年05月12日,16.71,4.13,3.78,,
105年05月13日,15.96,4.32,3.61,,
105年05月16日,16.76,4.12,3.79,,
105年05月17日,16.85,4.1,3.81,,
105年05月18日,16.88,4.09,3.82,,
105年05月19日,16.5,4.18,3.73,,
105年05月20日,16.76,4.12,3.79,,
105年05月23日,17.42,3.96,3.94,,
105年05月24日,17.31,3.99,3.91,,
105年05月25日,17.42,3.96,3.94,,
105年05月26日,17.42,3.96,3.94,,
105年05月27日,17.91,3.85,4.05,,
105年05月30日,18.11,3.81,4.1,,
105年05月31日,17.91,3.85,4.05,,
105年06月01日,18.09,3.82,4.09,,
105年06月02日,17.8,3.88,4.03,,
105年06月03日,17.68,3.9,4.0,,
105年06月04日,17.94,3.85,4.06,,
105年06月06日,18.09,3.82,4.09,,
105年06月07日,18.34,3.76,4.15,,
105年06月08日,18.17,3.8,4.11,,
105年06月13日,18.11,3.81,4.1,,
105年06月14日,17.8,3.88,4.03,,
105年06月15日,17.83,3.87,4.03,,
105年06月16日,17.25,4.0,3.9,,
105年06月17日,17.68,3.9,4.0,,
105年06月20日,18.55,3.72,4.19,,
105年06月21日,18.43,3.74,4.17,,
105年06月22日,18.43,3.74,4.17,,
105年06月23日,18.32,3.77,4.14,,
105年06月24日,18.11,3.81,4.1,,
105年06月27日,18.0,3.83,4.07,,
105年06月28日,17.83,3.87,4.03,,
105年06月29日,17.97,3.84,4.06,,
105年06月30日,18.11,3.81,4.1,,
105年07月01日,18.37,3.76,4.16,,
105年07月04日,18.63,3.7,4.21,,
105年07月05日,18.46,3.74,4.17,,
105年07月06日,17.83,3.87,4.03,,
105年07月07日,18.0,3.83,4.07,,
105年07月11日,18.37,3.76,4.16,,
105年07月12日,18.34,3.76,4.15,,
105年07月13日,18.6,3.71,4.21,,
105年07月14日,18.6,3.71,4.21,,
105年07月15日,18.95,3.64,4.29,,
105年07月18日,18.66,3.7,4.22,,
105年07月19日,18.92,3.65,4.28,,
105年07月20日,18.86,3.66,4.27,,
105年07月21日,19.24,3.59,4.35,,
105年07月22日,18.75,3.68,4.24,,
105年07月25日,18.8,3.67,4.25,,
105年07月26日,19.01,3.63,4.3,,
105年07月27日,18.92,3.65,4.28,,
105年07月28日,18.89,3.65,4.27,,
105年07月29日,18.4,3.75,4.16,,
105年08月01日,18.72,3.69,4.23,,
105年08月02日,18.75,3.68,4.24,,
105年08月03日,18.57,3.72,4.2,,
105年08月04日,18.55,3.72,4.19,,
105年08月05日,18.8,3.67,4.25,,
105年08月08日,18.95,3.64,4.29,,
105年08月09日,18.95,3.64,4.29,,
105年08月10日,19.09,3.61,4.32,,
105年08月11日,18.38,3.59,4.76,,
105年08月12日,18.46,3.58,4.78,,
105年08月15日,18.88,3.5,4.89,,
105年08月16日,19.12,3.45,4.95,,
105年08月17日,19.12,3.45,4.95,,
105年08月18日,19.18,3.44,4.97,,
105年08月19日,19.07,3.46,4.94,,
105年08月22日,18.85,3.5,4.88,,
105年08月23日,19.21,3.44,4.98,,
105年08月24日,19.15,3.45,4.96,,
105年08月25日,19.26,3.43,4.99,,
105年08月26日,19.26,3.43,4.99,,
105年08月29日,19.26,3.43,4.99,,
105年08月30日,19.92,3.31,5.16,,
105年08月31日,19.32,3.42,5.0,,
105年09月01日,19.7,3.35,5.1,,
105年09月02日,19.57,3.38,5.07,,
105年09月05日,19.76,3.34,5.12,,
105年09月06日,20.09,3.29,5.2,,
105年09月07日,20.67,3.2,5.35,,
105年09月08日,20.47,3.23,5.3,,
105年09月09日,20.47,3.23,5.3,,
105年09月10日,20.01,3.3,5.18,,
105年09月12日,19.29,3.42,5.0,,
105年09月13日,19.57,3.38,5.07,,
105年09月14日,19.18,3.44,4.97,,
105年09月19日,19.4,3.4,5.02,,
105年09月20日,19.43,3.4,5.03,,
105年09月21日,19.54,3.38,5.06,,
105年09月22日,19.54,3.38,5.06,,
105年09月23日,19.9,3.32,5.15,,
105年09月26日,19.43,3.4,5.03,,
105年09月29日,20.09,3.29,5.2,,
105年09月30日,20.17,3.27,5.22,,
105年10月03日,19.87,3.32,5.15,,
105年10月04日,20.28,3.26,5.25,,
105年10月05日,20.14,3.28,5.22,,
105年10月06日,20.14,3.28,5.22,,
105年10月07日,20.25,3.26,5.25,,
105年10月11日,20.47,3.23,5.3,,
105年10月12日,20.36,3.24,5.27,,
105年10月13日,20.01,3.3,5.18,,
105年10月14日,20.23,3.27,5.24,,
105年10月17日,19.87,3.32,5.15,,
105年10月18日,20.45,3.23,5.3,,
105年10月19日,20.34,3.25,5.27,,
105年10月20日,20.23,3.27,5.24,,
105年10月21日,20.17,3.27,5.22,,
105年10月24日,19.98,3.31,5.17,,
105年10月25日,20.23,3.27,5.24,,
105年10月26日,20.36,3.24,5.27,,
105年10月27日,20.17,3.27,5.22,,
105年10月28日,20.23,3.27,5.24,,
105年10月31日,20.23,3.27,5.24,,
105年11月01日,20.23,3.27,5.24,,
105年11月02日,20.01,3.3,5.18,,
105年11月03日,19.84,3.33,5.14,,
105年11月04日,19.79,3.34,5.12,,
105年11月07日,20.06,3.29,5.2,,
105年11月08日,20.31,3.25,5.26,,
105年11月09日,19.68,3.36,5.1,,
105年11月10日,19.5,3.27,4.93,,
105年11月11日,18.97,3.36,4.79,,
105年11月14日,18.62,3.42,4.7,,
105年11月15日,18.6,3.43,4.7,,
105年11月16日,18.49,3.45,4.67,,
105年11月17日,18.76,3.4,4.74,,
105年11月18日,18.38,3.47,4.64,,
105年11月21日,18.7,3.41,4.72,,
105年11月22日,19.29,3.31,4.87,,
105年11月23日,19.47,3.27,4.92,,
105年11月24日,19.34,3.3,4.89,,
105年11月25日,19.45,3.28,4.91,,
105年11月28日,19.45,3.28,4.91,,
105年11月29日,19.13,3.33,4.83,,
105年11月30日,19.47,3.27,4.92,,
105年12月01日,19.47,3.27,4.92,,
105年12月02日,19.5,3.27,4.93,,
105年12月05日,19.23,3.31,4.86,,
105年12月06日,19.42,3.28,4.91,,
105年12月07日,19.5,3.27,4.93,,
105年12月08日,19.74,3.23,4.99,,
105年12月09日,19.77,3.23,4.99,,
105年12月12日,19.71,3.23,4.98,,
105年12月13日,19.77,3.23,4.99,,
105年12月14日,19.66,3.24,4.97,,
105年12月15日,19.5,3.27,4.93,,
105年12月16日,19.31,3.3,4.88,,
105年12月19日,19.18,3.32,4.84,,
105年12月20日,19.18,3.32,4.84,,
105年12月21日,19.45,3.28,4.91,,
105年12月22日,19.21,3.32,4.85,,
105年12月23日,19.16,3.33,4.84,,
105年12月26日,19.05,3.35,4.81,,
105年12月27日,19.1,3.34,4.82,,
105年12月28日,19.29,3.31,4.87,,
105年12月29日,19.08,3.34,4.82,,
105年12月30日,19.61,3.25,4.95,,
106年01月03日,19.37,3.29,4.89,,
106年01月04日,19.45,3.28,4.91,,
106年01月05日,19.39,3.29,4.9,,
106年01月06日,19.42,3.28,4.91,,
106年01月09日,19.34,3.3,4.89,,
106年01月10日,19.45,3.28,4.91,,
106年01月11日,19.39,3.29,4.9,,
106年01月12日,19.5,3.27,4.93,,
106年01月13日,19.5,3.27,4.93,,
106年01月16日,19.29,3.31,4.87,,
106年01月17日,19.5,3.27,4.93,,
106年01月18日,19.26,3.31,4.87,,
106年01月19日,19.13,3.33,4.83,,
106年01月20日,18.92,3.37,4.78,,
106年01月23日,18.97,3.36,4.79,,
106年01月24日,19.02,3.35,4.8,,
106年02月02日,18.49,3.45,4.67,,
106年02月03日,18.73,3.4,4.73,,
106年02月06日,18.54,3.44,4.68,,
106年02月07日,18.81,3.39,4.75,,
106年02月08日,18.7,3.41,4.72,,
106年02月09日,18.78,3.39,4.74,,
106年02月10日,18.89,3.38,4.77,,
106年02月13日,19.02,3.35,4.8,,
106年02月14日,19.13,3.33,4.83,,
106年02月15日,19.21,3.32,4.85,,
106年02月16日,19.26,3.31,4.87,,
106年02月17日,18.89,3.38,4.77,,
106年02月18日,19.05,3.35,4.81,,
106年02月20日,18.73,3.4,4.73,,
106年02月21日,18.92,3.37,4.78,,
106年02月22日,18.76,3.4,4.74,,
106年02月23日,18.76,3.4,4.74,,
106年02月24日,18.68,3.41,4.72,,
106年03月01日,18.54,3.44,4.68,,
106年03月02日,18.68,3.41,4.72,,
106年03月03日,18.6,3.43,4.7,,
106年03月06日,18.6,3.43,4.7,,
106年03月07日,18.62,3.42,4.7,,
106年03月08日,18.44,3.46,4.66,,
106年03月09日,18.17,3.51,4.59,,
106年03月10日,18.01,3.54,4.55,,
106年03月13日,18.28,3.49,4.62,,
106年03月14日,18.36,3.47,4.64,,
106年03月15日,18.28,3.49,4.62,,
106年03月16日,18.49,3.45,4.67,,
106年03月17日,18.6,3.43,4.7,,
106年03月20日,18.52,3.44,4.68,,
106年03月21日,18.86,3.38,4.76,,
106年03月22日,18.68,3.41,4.72,,
106年03月23日,18.65,3.42,4.71,,
106年03月24日,18.86,3.38,4.76,,
106年03月27日,19.0,3.36,4.8,,
106年03月28日,19.16,3.33,4.84,,
106年03月29日,18.23,3.35,4.54,,
106年03月30日,18.06,3.38,4.5,,
106年03月31日,18.08,3.38,4.5,,
106年04月05日,18.31,3.33,4.56,,
106年04月06日,18.16,3.36,4.52,,
106年04月07日,18.11,3.37,4.51,,
106年04月10日,18.13,3.37,4.52,,
106年04月11日,17.96,3.4,4.47,,
106年04月12日,18.08,3.38,4.5,105.0,105/4
106年04月13日,17.98,3.39,4.48,105.0,105/4
106年04月14日,17.78,3.43,4.43,105.0,105/4
106年04月17日,17.8,3.43,4.43,105.0,105/4
106年04月18日,17.96,3.4,4.47,105.0,105/4
106年04月19日,17.4,3.51,4.33,105.0,105/4
106年04月20日,17.37,3.51,4.33,105.0,105/4
106年04月21日,17.55,3.48,4.37,105.0,105/4
106年04月24日,17.62,3.46,4.39,105.0,105/4
106年04月25日,17.75,3.44,4.42,105.0,105/4
106年04月26日,17.75,3.44,4.42,105.0,105/4
106年04月27日,17.57,3.47,4.38,105.0,105/4
106年04月28日,17.68,3.45,4.4,105.0,105/4
106年05月02日,17.8,3.43,4.43,105.0,105/4
106年05月03日,17.8,3.43,4.43,105.0,105/4
106年05月04日,17.8,3.43,4.43,105.0,105/4
106年05月05日,17.78,3.43,4.43,105.0,105/4
106年05月08日,17.75,3.44,4.42,105.0,105/4
106年05月09日,17.78,3.43,4.43,105.0,105/4
106年05月10日,17.8,3.43,4.43,105.0,105/4
106年05月11日,17.83,3.42,4.44,105.0,105/4
106年05月12日,16.97,3.45,4.13,105.0,106/1
106年05月15日,16.99,3.44,4.13,105.0,106/1
106年05月16日,18.04,3.24,4.39,105.0,106/1
106年05月17日,17.97,3.26,4.37,105.0,106/1
106年05月18日,17.97,3.26,4.37,105.0,106/1
106年05月19日,17.89,3.27,4.35,105.0,106/1
106年05月22日,17.97,3.26,4.37,105.0,106/1
106年05月23日,17.84,3.28,4.34,105.0,106/1
106年05月24日,18.5,3.16,4.5,105.0,106/1
106年05月25日,18.72,3.13,4.55,105.0,106/1
106年05月26日,18.94,3.09,4.61,105.0,106/1
106年05月31日,19.23,3.04,4.68,105.0,106/1
106年06月01日,19.09,3.07,4.64,105.0,106/1
106年06月02日,19.36,3.02,4.71,105.0,106/1
106年06月03日,18.75,3.12,4.56,105.0,106/1
106年06月05日,19.02,3.08,4.63,105.0,106/1
106年06月06日,18.84,3.1,4.58,105.0,106/1
106年06月07日,19.11,3.06,4.65,105.0,106/1
106年06月08日,19.16,3.05,4.66,105.0,106/1
106年06月09日,18.87,3.1,4.59,105.0,106/1
106年06月12日,18.11,3.23,4.41,105.0,106/1
106年06月13日,18.5,3.16,4.5,105.0,106/1
106年06月14日,18.63,3.14,4.53,105.0,106/1
106年06月15日,18.45,3.17,4.49,105.0,106/1
106年06月16日,18.38,3.18,4.47,105.0,106/1
106年06月19日,18.43,3.17,4.48,105.0,106/1
106年06月20日,18.14,3.23,4.41,105.0,106/1
106年06月21日,18.28,3.2,4.45,105.0,106/1
106年06月22日,18.38,3.18,4.47,105.0,106/1
106年06月23日,18.33,3.19,4.46,105.0,106/1
106年06月26日,19.02,3.08,4.63,105.0,106/1
106年06月27日,18.89,3.1,4.6,105.0,106/1
106年06月28日,18.67,3.13,4.54,105.0,106/1
106年06月29日,18.53,3.16,4.51,105.0,106/1
106年06月30日,18.58,3.15,4.52,105.0,106/1
106年07月03日,18.77,3.12,4.57,105.0,106/1
106年07月04日,18.38,3.18,4.47,105.0,106/1
106年07月05日,18.67,3.13,4.54,105.0,106/1
106年07月06日,18.5,3.16,4.5,105.0,106/1
106年07月07日,18.04,3.24,4.39,105.0,106/1
106年07月10日,18.11,3.23,4.41,105.0,106/1
106年07月11日,18.5,3.16,4.5,105.0,106/1
106年07月12日,18.26,3.2,4.44,105.0,106/1
106年07月13日,18.24,3.21,4.44,105.0,106/1
106年07月14日,18.33,3.19,4.46,105.0,106/1
106年07月17日,18.58,3.15,4.52,105.0,106/1
106年07月18日,17.99,3.25,4.38,105.0,106/1
106年07月19日,18.06,3.24,4.39,105.0,106/1
106年07月20日,18.02,3.25,4.38,105.0,106/1
106年07月21日,17.84,3.28,4.34,105.0,106/1
106年07月24日,17.99,3.25,4.38,105.0,106/1
106年07月25日,17.84,3.28,4.34,105.0,106/1
106年07月26日,17.6,3.32,4.28,105.0,106/1
106年07月27日,17.92,3.27,4.36,105.0,106/1
106年07月28日,17.84,3.28,4.34,105.0,106/1
106年07月31日,17.89,3.27,4.35,105.0,106/1
106年08月01日,18.02,3.25,4.38,105.0,106/1
106年08月02日,18.04,3.24,4.39,105.0,106/1
106年08月03日,17.94,3.26,4.36,105.0,106/1
106年08月04日,17.94,3.26,4.36,105.0,106/1
106年08月07日,17.89,3.27,4.35,105.0,106/1
106年08月08日,17.92,3.27,4.36,105.0,106/1
106年08月09日,17.72,3.3,4.31,105.0,106/1
106年08月10日,17.65,3.31,4.29,105.0,106/1
106年08月11日,18.56,3.37,4.65,105.0,106/2
106年08月14日,18.61,3.36,4.66,105.0,106/2
106年08月15日,18.51,3.38,4.63,105.0,106/2
106年08月16日,17.94,3.49,4.49,105.0,106/2
106年08月17日,18.07,3.46,4.52,105.0,106/2
106年08月18日,17.78,3.52,4.45,105.0,106/2
106年08月21日,17.78,3.52,4.45,105.0,106/2
106年08月22日,18.14,3.45,4.54,105.0,106/2
106年08月23日,17.88,3.5,4.48,105.0,106/2
106年08月24日,18.43,3.39,4.61,105.0,106/2
106年08月25日,18.4,3.4,4.61,105.0,106/2
106年08月28日,18.51,3.38,4.63,105.0,106/2
106年08月29日,18.38,3.4,4.6,105.0,106/2
106年08月30日,18.51,3.38,4.63,105.0,106/2
106年08月31日,18.53,3.38,4.64,105.0,106/2
106年09月01日,18.4,3.4,4.61,105.0,106/2
106年09月04日,18.46,3.39,4.62,105.0,106/2
106年09月05日,18.4,3.4,4.61,105.0,106/2
106年09月06日,18.35,3.41,4.59,105.0,106/2
106年09月07日,18.17,3.44,4.55,105.0,106/2
106年09月08日,18.48,3.39,4.63,105.0,106/2
106年09月11日,18.51,3.38,4.63,105.0,106/2
106年09月12日,18.43,3.39,4.61,105.0,106/2
106年09月13日,18.25,3.43,4.57,105.0,106/2
106年09月14日,18.38,3.4,4.6,105.0,106/2
106年09月15日,18.4,3.4,4.61,105.0,106/2
106年09月18日,19.03,3.29,4.76,105.0,106/2
106年09月19日,19.08,3.28,4.78,105.0,106/2
106年09月20日,19.06,3.28,4.77,105.0,106/2
106年09月21日,19.08,3.28,4.78,105.0,106/2
106年09月22日,18.9,3.31,4.73,105.0,106/2
106年09月25日,18.9,3.31,4.73,105.0,106/2
106年09月26日,18.8,3.33,4.71,105.0,106/2
106年09月27日,18.8,3.33,4.71,105.0,106/2
106年09月28日,18.27,3.42,4.57,105.0,106/2
106年09月29日,18.22,3.43,4.56,105.0,106/2
106年09月30日,18.3,3.42,4.58,105.0,106/2
106年10月02日,18.53,3.38,4.64,105.0,106/2
106年10月03日,18.35,3.41,4.59,105.0,106/2
106年10月05日,18.64,3.36,4.67,105.0,106/2
106年10月06日,18.61,3.36,4.66,105.0,106/2
106年10月11日,18.67,3.35,4.67,105.0,106/2
106年10月12日,18.56,3.37,4.65,105.0,106/2
106年10月13日,18.33,3.41,4.59,105.0,106/2
106年10月16日,18.43,3.39,4.61,105.0,106/2
106年10月17日,18.27,3.42,4.57,105.0,106/2
106年10月18日,18.67,3.35,4.67,105.0,106/2
106年10月19日,18.38,3.4,4.6,105.0,106/2
106年10月20日,18.46,3.39,4.62,105.0,106/2
106年10月23日,18.46,3.39,4.62,105.0,106/2
106年10月24日,18.59,3.37,4.65,105.0,106/2
106年10月25日,18.51,3.38,4.63,105.0,106/2
106年10月26日,18.43,3.39,4.61,105.0,106/2
106年10月27日,18.38,3.4,4.6,105.0,106/2
106年10月30日,18.38,3.4,4.6,105.0,106/2
106年10月31日,18.25,3.43,4.57,105.0,106/2
106年11月01日,18.43,3.39,4.61,105.0,106/2
106年11月02日,18.46,3.39,4.62,105.0,106/2
106年11月03日,18.43,3.39,4.61,105.0,106/2
106年11月06日,18.2,3.44,4.55,105.0,106/2
106年11月07日,18.25,3.43,4.57,105.0,106/2
106年11月08日,18.27,3.42,4.57,105.0,106/2
106年11月09日,18.2,3.44,4.55,105.0,106/2
106年11月10日,18.27,3.42,4.57,105.0,106/2
106年11月13日,18.5,3.43,4.31,105.0,106/3
106年11月14日,18.48,3.44,4.3,105.0,106/3
106年11月15日,18.29,3.47,4.26,105.0,106/3
106年11月16日,18.18,3.49,4.24,105.0,106/3
106年11月17日,18.26,3.48,4.25,105.0,106/3
106年11月20日,18.1,3.51,4.22,105.0,106/3
106年11月21日,18.37,3.46,4.28,105.0,106/3
106年11月22日,18.58,3.42,4.33,105.0,106/3
106年11月23日,18.53,3.43,4.32,105.0,106/3
106年11月24日,18.45,3.44,4.3,105.0,106/3
106年11月27日,18.34,3.46,4.27,105.0,106/3
106年11月28日,18.26,3.48,4.25,105.0,106/3
106年11月29日,18.26,3.48,4.25,105.0,106/3
106年11月30日,18.37,3.46,4.28,105.0,106/3
106年12月01日,18.45,3.44,4.3,105.0,106/3
106年12月04日,18.5,3.43,4.31,105.0,106/3
106年12月05日,18.45,3.44,4.3,105.0,106/3
106年12月06日,18.05,3.52,4.21,105.0,106/3
106年12月07日,18.16,3.5,4.23,105.0,106/3
106年12月08日,18.08,3.51,4.21,105.0,106/3
106年12月11日,18.03,3.52,4.2,105.0,106/3
106年12月12日,17.95,3.54,4.18,105.0,106/3
106年12月13日,18.13,3.5,4.22,105.0,106/3
106年12月14日,18.24,3.48,4.25,105.0,106/3
106年12月15日,18.08,3.51,4.21,105.0,106/3
106年12月18日,18.05,3.52,4.21,105.0,106/3
106年12月19日,17.89,3.55,4.17,105.0,106/3
106年12月20日,18.08,3.51,4.21,105.0,106/3
106年12月21日,18.03,3.52,4.2,105.0,106/3
106年12月22日,18.29,3.47,4.26,105.0,106/3
106年12月25日,18.26,3.48,4.25,105.0,106/3
106年12月26日,18.21,3.49,4.24,105.0,106/3
106年12月27日,18.26,3.48,4.25,105.0,106/3
106年12月28日,18.53,3.43,4.32,105.0,106/3
106年12月29日,18.74,3.39,4.37,105.0,106/3
107年01月02日,19.0,3.34,4.43,105.0,106/3
107年01月03日,19.11,3.32,4.45,105.0,106/3
107年01月04日,18.71,3.39,4.36,105.0,106/3
107年01月05日,18.66,3.4,4.35,105.0,106/3
107年01月08日,18.95,3.35,4.41,105.0,106/3
107年01月09日,18.85,3.37,4.39,105.0,106/3
107年01月10日,18.79,3.38,4.38,105.0,106/3
107年01月11日,18.61,3.41,4.33,105.0,106/3
107年01月12日,18.63,3.41,4.34,105.0,106/3
107年01月15日,18.69,3.4,4.35,105.0,106/3
107年01月16日,19.06,3.33,4.44,105.0,106/3
107年01月17日,19.38,3.28,4.51,105.0,106/3
107年01月18日,19.48,3.26,4.54,105.0,106/3
107年01月19日,19.56,3.25,4.56,105.0,106/3
107年01月22日,19.48,3.26,4.54,105.0,106/3
107年01月23日,19.69,3.23,4.59,105.0,106/3
107年01月24日,19.4,3.27,4.52,105.0,106/3
107年01月25日,20.54,3.09,4.78,105.0,106/3
107年01月26日,20.38,3.12,4.75,105.0,106/3
107年01月29日,20.35,3.12,4.74,105.0,106/3
107年01月30日,19.75,3.22,4.6,105.0,106/3
107年01月31日,20.09,3.16,4.68,105.0,106/3
107年02月01日,19.72,3.22,4.59,105.0,106/3
107年02月02日,19.59,3.24,4.56,105.0,106/3
107年02月05日,19.75,3.22,4.6,105.0,106/3
107年02月06日,18.05,3.52,4.21,105.0,106/3
107年02月07日,17.87,3.56,4.16,105.0,106/3
107年02月08日,18.03,3.52,4.2,105.0,106/3
107年02月09日,17.58,3.61,4.09,105.0,106/3
107年02月12日,17.26,3.68,4.02,105.0,106/3
107年02月21日,17.84,3.56,4.16,105.0,106/3
107年02月22日,17.42,3.65,4.06,105.0,106/3
107年02月23日,17.79,3.57,4.14,105.0,106/3
107年02月26日,17.42,3.65,4.06,105.0,106/3
107年02月27日,17.23,3.69,4.01,105.0,106/3
107年03月01日,17.36,3.66,4.04,105.0,106/3
107年03月02日,17.23,3.69,4.01,105.0,106/3
107年03月05日,17.13,3.71,3.99,105.0,106/3
107年03月06日,17.34,3.66,4.04,105.0,106/3
107年03月07日,16.94,3.75,3.95,105.0,106/3
107年03月08日,16.6,3.83,3.87,105.0,106/3
107年03月09日,16.6,3.83,3.87,105.0,106/3
107年03月12日,16.73,3.8,3.9,105.0,106/3
107年03月13日,16.83,3.77,3.92,105.0,106/3
107年03月14日,16.78,3.79,3.91,105.0,106/3
107年03月15日,16.46,3.86,3.84,105.0,106/3
107年03月16日,16.01,3.97,3.73,105.0,106/3
107年03月19日,15.72,4.04,3.66,105.0,106/3
107年03月20日,15.8,4.02,3.68,105.0,106/3
107年03月21日,15.96,3.98,3.72,105.0,106/3
107年03月22日,15.64,4.06,3.64,105.0,106/3
107年03月23日,15.7,4.05,3.66,105.0,106/3
107年03月26日,15.59,4.07,3.63,105.0,106/3
107年03月27日,15.88,4.0,3.7,105.0,106/3
107年03月28日,16.01,4.05,3.47,106.0,106/4
107年03月29日,15.69,4.13,3.4,106.0,106/4
107年03月30日,15.9,4.07,3.45,106.0,106/4
107年03月31日,15.93,4.07,3.45,106.0,106/4
107年04月02日,15.74,4.12,3.41,106.0,106/4
107年04月03日,15.71,4.12,3.41,106.0,106/4
107年04月09日,15.96,4.06,3.46,106.0,106/4
107年04月10日,15.66,4.14,3.39,106.0,106/4
107年04月11日,16.01,4.05,3.47,106.0,106/4
107年04月12日,16.04,4.04,3.48,106.0,106/4
107年04月13日,15.93,4.07,3.45,106.0,106/4
107年04月16日,15.93,4.07,3.45,106.0,106/4
107年04月17日,15.96,4.06,3.46,106.0,106/4
107年04月18日,16.04,4.04,3.48,106.0,106/4
107年04月19日,15.9,4.07,3.45,106.0,106/4
107年04月20日,16.17,4.01,3.51,106.0,106/4
107年04月23日,16.04,4.04,3.48,106.0,106/4
107年04月24日,15.93,4.07,3.45,106.0,106/4
107年04月25日,15.77,4.11,3.42,106.0,106/4
107年04月26日,15.71,4.12,3.41,106.0,106/4
107年04月27日,15.69,4.13,3.4,106.0,106/4
107年04月30日,15.74,4.12,3.41,106.0,106/4
107年05月02日,15.82,4.1,3.43,106.0,106/4
107年05月03日,15.69,4.13,3.4,106.0,106/4
107年05月04日,15.39,4.21,3.34,106.0,106/4
107年05月07日,15.52,4.17,3.37,106.0,106/4
107年05月08日,15.5,4.18,3.36,106.0,106/4
107年05月09日,15.69,4.13,3.4,106.0,106/4
107年05月10日,15.52,4.17,3.37,106.0,106/4
107年05月11日,16.24,4.17,3.18,106.0,107/1
107年05月14日,16.27,4.16,3.18,106.0,107/1
107年05月15日,16.19,4.18,3.17,106.0,107/1
107年05月16日,16.16,4.19,3.16,106.0,107/1
107年05月17日,15.82,4.28,3.1,106.0,107/1
107年05月18日,15.85,4.27,3.1,106.0,107/1
107年05月21日,15.82,4.28,3.1,106.0,107/1
107年05月22日,15.93,4.25,3.12,106.0,107/1
107年05月23日,15.62,4.33,3.06,106.0,107/1
107年05月24日,15.68,4.32,3.07,106.0,107/1
107年05月25日,15.65,4.32,3.06,106.0,107/1
107年05月28日,15.54,4.36,3.04,106.0,107/1
107年05月29日,15.71,4.31,3.07,106.0,107/1
107年05月30日,15.14,4.47,2.96,106.0,107/1
107年05月31日,15.43,4.39,3.02,106.0,107/1
107年06月01日,15.12,4.48,2.96,106.0,107/1
107年06月04日,15.45,4.38,3.02,106.0,107/1
107年06月05日,15.93,4.25,3.12,106.0,107/1
107年06月06日,15.93,4.25,3.12,106.0,107/1
107年06月07日,16.13,4.2,3.16,106.0,107/1
107年06月08日,15.82,4.28,3.1,106.0,107/1
107年06月11日,16.1,4.2,3.15,106.0,107/1
107年06月12日,16.24,4.17,3.18,106.0,107/1
107年06月13日,16.3,4.15,3.19,106.0,107/1
107年06月14日,15.82,4.28,3.1,106.0,107/1
107年06月15日,16.22,4.17,3.17,106.0,107/1
107年06月19日,15.68,4.32,3.07,106.0,107/1
107年06月20日,15.99,4.23,3.13,106.0,107/1
107年06月21日,15.68,4.32,3.07,106.0,107/1
107年06月22日,15.62,4.33,3.06,106.0,107/1
107年06月25日,15.26,4.44,2.99,106.0,107/1
107年06月26日,15.23,4.44,2.98,106.0,107/1
107年06月27日,15.06,4.49,2.95,106.0,107/1
107年06月28日,15.06,4.49,2.95,106.0,107/1
107年06月29日,15.14,4.47,2.96,106.0,107/1
107年07月02日,14.97,4.52,2.93,106.0,107/1
107年07月03日,14.69,4.61,2.87,106.0,107/1
107年07月04日,14.78,4.58,2.89,106.0,107/1
107年07月05日,14.66,4.62,2.87,106.0,107/1
107年07月06日,14.72,4.6,2.88,106.0,107/1
107年07月09日,14.69,4.61,2.87,106.0,107/1
107年07月10日,14.86,4.55,2.91,106.0,107/1
107年07月11日,14.83,4.56,2.9,106.0,107/1
107年07月12日,15.12,4.48,2.96,106.0,107/1
107年07月13日,15.62,4.33,3.06,106.0,107/1
107年07月16日,15.4,4.4,3.01,106.0,107/1
107年07月17日,14.89,4.55,2.91,106.0,107/1
107年07月18日,15.23,4.44,2.98,106.0,107/1
107年07月19日,15.0,4.51,2.94,106.0,107/1
107年07月20日,15.0,4.51,2.94,106.0,107/1
107年07月23日,15.03,4.5,2.94,106.0,107/1
107年07月24日,15.03,4.5,2.94,106.0,107/1
107年07月25日,14.86,4.55,2.91,106.0,107/1
107年07月26日,14.97,4.52,2.93,106.0,107/1
107年07月27日,15.0,4.51,2.94,106.0,107/1
107年07月30日,15.12,4.48,2.96,106.0,107/1
107年07月31日,15.0,4.51,2.94,106.0,107/1
107年08月01日,15.12,4.48,2.96,106.0,107/1
107年08月02日,15.12,4.48,2.96,106.0,107/1
107年08月03日,15.03,4.5,2.94,106.0,107/1
107年08月06日,15.09,4.49,2.95,106.0,107/1
107年08月07日,14.83,4.56,2.9,106.0,107/1
107年08月08日,15.06,4.49,2.95,106.0,107/1
107年08月09日,14.97,4.52,2.93,106.0,107/1
107年08月10日,14.4,4.55,3.17,106.0,107/2
107年08月13日,14.18,4.62,3.13,106.0,107/2
107年08月14日,14.18,4.62,3.13,106.0,107/2
107年08月15日,13.97,4.69,3.08,106.0,107/2
107年08月16日,13.88,4.72,3.06,106.0,107/2
107年08月17日,13.78,4.75,3.04,106.0,107/2
107年08月20日,13.78,4.75,3.04,106.0,107/2
107年08月21日,14.21,4.61,3.13,106.0,107/2
107年08月22日,14.08,4.65,3.1,106.0,107/2
107年08月23日,14.35,4.56,3.16,106.0,107/2
107年08月24日,14.29,4.58,3.15,106.0,107/2
107年08月27日,14.38,4.55,3.17,106.0,107/2
107年08月28日,14.46,4.53,3.19,106.0,107/2
107年08月29日,14.54,4.5,3.2,106.0,107/2
107年08月30日,14.48,4.52,3.19,106.0,107/2
107年08月31日,14.51,4.51,3.2,106.0,107/2
107年09月03日,14.35,4.56,3.16,106.0,107/2
107年09月04日,14.46,4.53,3.19,106.0,107/2
107年09月05日,14.08,4.65,3.1,106.0,107/2
107年09月06日,13.97,4.69,3.08,106.0,107/2
107年09月07日,13.83,4.73,3.05,106.0,107/2
107年09月10日,13.97,4.69,3.08,106.0,107/2
107年09月11日,14.05,4.66,3.1,106.0,107/2
107年09月12日,13.86,4.72,3.05,106.0,107/2
107年09月13日,13.97,4.69,3.08,106.0,107/2
107年09月14日,14.32,4.57,3.16,106.0,107/2
107年09月17日,14.02,4.67,3.09,106.0,107/2
107年09月18日,14.05,4.66,3.1,106.0,107/2
107年09月19日,14.43,4.54,3.18,106.0,107/2
107年09月20日,14.18,4.62,3.13,106.0,107/2
107年09月21日,14.21,4.61,3.13,106.0,107/2
107年09月25日,14.21,4.61,3.13,106.0,107/2
107年09月26日,13.97,4.69,3.08,106.0,107/2
107年09月27日,14.29,4.58,3.15,106.0,107/2
107年09月28日,14.27,4.59,3.14,106.0,107/2
107年10月01日,14.32,4.57,3.16,106.0,107/2
107年10月02日,14.08,4.65,3.1,106.0,107/2
107年10月03日,14.16,4.62,3.12,106.0,107/2
107年10月04日,13.91,4.71,3.07,106.0,107/2
107年10月05日,13.83,4.73,3.05,106.0,107/2
107年10月08日,13.75,4.76,3.03,106.0,107/2
107年10月09日,13.78,4.75,3.04,106.0,107/2
107年10月11日,12.47,5.25,2.75,106.0,107/2
107年10月12日,12.82,5.11,2.83,106.0,107/2
107年10月15日,12.55,5.22,2.77,106.0,107/2
107年10月16日,12.38,5.29,2.73,106.0,107/2
107年10月17日,12.11,5.41,2.67,106.0,107/2
107年10月18日,11.84,5.53,2.61,106.0,107/2
107年10月19日,11.27,5.81,2.48,106.0,107/2
107年10月22日,11.48,5.7,2.53,106.0,107/2
107年10月23日,11.35,5.77,2.5,106.0,107/2
107年10月24日,11.27,5.81,2.48,106.0,107/2
107年10月25日,11.18,5.85,2.46,106.0,107/2
107年10月26日,10.99,5.96,2.42,106.0,107/2
107年10月29日,11.27,5.81,2.48,106.0,107/2
107年10月30日,11.35,5.77,2.5,106.0,107/2
107年10月31日,11.65,5.62,2.57,106.0,107/2
107年11月01日,11.43,5.73,2.52,106.0,107/2
107年11月02日,11.73,5.58,2.58,106.0,107/2
107年11月05日,11.67,5.61,2.57,106.0,107/2
107年11月06日,11.59,5.65,2.55,106.0,107/2
107年11月07日,11.76,5.57,2.59,106.0,107/2
107年11月08日,11.95,5.48,2.63,106.0,107/2
107年11月09日,11.87,5.52,2.61,106.0,107/2
107年11月12日,11.87,5.52,2.5,106.0,107/3
107年11月13日,11.6,5.65,2.44,106.0,107/3
107年11月14日,11.84,5.53,2.49,106.0,107/3
107年11月15日,11.98,5.47,2.52,106.0,107/3
107年11月16日,12.06,5.43,2.54,106.0,107/3
107年11月19日,12.61,5.19,2.65,106.0,107/3
107年11月20日,12.42,5.27,2.61,106.0,107/3
107年11月21日,12.47,5.25,2.62,106.0,107/3
107年11月22日,12.42,5.27,2.61,106.0,107/3
107年11月23日,12.25,5.35,2.58,106.0,107/3
107年11月26日,12.39,5.29,2.61,106.0,107/3
107年11月27日,12.47,5.25,2.62,106.0,107/3
107年11月28日,12.77,5.13,2.69,106.0,107/3
107年11月29日,12.64,5.18,2.66,106.0,107/3
107年11月30日,12.94,5.06,2.72,106.0,107/3
107年12月03日,13.1,5.0,2.76,106.0,107/3
107年12月04日,13.48,4.86,2.84,106.0,107/3
107年12月05日,13.4,4.89,2.82,106.0,107/3
107年12月06日,13.16,4.98,2.77,106.0,107/3
107年12月07日,13.21,4.96,2.78,106.0,107/3
107年12月10日,13.02,5.03,2.74,106.0,107/3
107年12月11日,13.1,5.0,2.76,106.0,107/3
107年12月12日,13.51,4.85,2.84,106.0,107/3
107年12月13日,13.81,4.74,2.9,106.0,107/3
107年12月14日,13.73,4.77,2.89,106.0,107/3
107年12月17日,13.7,4.78,2.88,106.0,107/3
107年12月18日,13.86,4.72,2.92,106.0,107/3
107年12月19日,14.11,4.64,2.97,106.0,107/3
107年12月20日,13.81,4.74,2.9,106.0,107/3
107年12月21日,14.0,4.68,2.94,106.0,107/3
107年12月22日,14.03,4.67,2.95,106.0,107/3
107年12月24日,13.78,4.75,2.9,106.0,107/3
107年12月25日,13.46,4.87,2.83,106.0,107/3
107年12月26日,13.4,4.89,2.82,106.0,107/3
107年12月27日,13.65,4.8,2.87,106.0,107/3
107年12月28日,13.95,4.7,2.93,106.0,107/3
108年01月02日,13.48,4.86,2.84,106.0,107/3
108年01月03日,13.7,4.78,2.88,106.0,107/3
108年01月04日,13.65,4.8,2.87,106.0,107/3
108年01月07日,14.03,4.67,2.95,106.0,107/3
108年01月08日,13.86,4.72,2.92,106.0,107/3
108年01月09日,14.19,4.62,2.99,106.0,107/3
108年01月10日,14.19,4.62,2.99,106.0,107/3
108年01月11日,14.11,4.64,2.97,106.0,107/3
108年01月14日,14.16,4.62,2.98,106.0,107/3
108年01月15日,14.3,4.58,3.01,106.0,107/3
108年01月16日,14.14,4.63,2.97,106.0,107/3
108年01月17日,14.22,4.61,2.99,106.0,107/3
108年01月18日,14.55,4.5,3.06,106.0,107/3
108年01月21日,15.34,4.27,3.23,106.0,107/3
108年01月22日,15.64,4.19,3.29,106.0,107/3
108年01月23日,15.37,4.26,3.23,106.0,107/3
108年01月24日,15.47,4.23,3.25,106.0,107/3
108年01月25日,15.83,4.14,3.33,106.0,107/3
108年01月28日,15.94,4.11,3.35,106.0,107/3
108年01月29日,15.83,4.14,3.33,106.0,107/3
108年01月30日,15.99,4.1,3.36,106.0,107/3
108年02月11日,15.99,4.1,3.36,106.0,107/3
108年02月12日,15.97,4.1,3.36,106.0,107/3
108年02月13日,15.64,4.19,3.29,106.0,107/3
108年02月14日,15.64,4.19,3.29,106.0,107/3
108年02月15日,15.83,4.14,3.33,106.0,107/3
108年02月18日,15.34,4.27,3.23,106.0,107/3
108年02月19日,15.04,4.36,3.16,106.0,107/3
108年02月20日,15.75,4.16,3.31,106.0,107/3
108年02月21日,16.38,4.0,3.44,106.0,107/3
108年02月22日,17.19,3.81,3.62,106.0,107/3
108年02月25日,18.01,3.64,3.79,106.0,107/3
108年02月26日,17.96,3.65,3.78,106.0,107/3
108年02月27日,18.26,3.59,3.84,106.0,107/3
108年03月04日,18.01,3.64,3.79,106.0,107/3
108年03月05日,17.66,3.71,3.71,106.0,107/3
108年03月06日,18.15,3.61,3.82,106.0,107/3
108年03月07日,18.15,3.61,3.82,106.0,107/3
108年03月08日,18.48,3.55,3.89,106.0,107/3
108年03月11日,19.08,3.43,4.01,106.0,107/3
108年03月12日,19.1,3.43,4.02,106.0,107/3
108年03月13日,18.72,3.5,3.94,106.0,107/3
108年03月14日,19.27,3.4,4.05,106.0,107/3
108年03月15日,20.72,3.16,4.36,106.0,107/3
108年03月18日,20.63,3.17,4.34,106.0,107/3
108年03月19日,20.31,3.23,4.27,106.0,107/3
108年03月20日,20.52,3.19,4.32,106.0,107/3
108年03月21日,20.17,3.25,4.24,106.0,107/3
108年03月22日,20.2,3.24,4.25,106.0,107/3
108年03月25日,19.92,3.29,4.19,106.0,107/3
108年03月26日,19.99,3.27,4.06,106.0,107/4
108年03月27日,20.26,3.23,4.12,106.0,107/4
108年03月28日,20.18,3.24,4.1,107.0,107/4
108年03月29日,20.56,3.18,4.18,107.0,107/4
108年04月01日,20.21,3.23,4.11,107.0,107/4
108年04月02日,20.53,3.18,4.17,107.0,107/4
108年04月03日,20.51,3.19,4.17,107.0,107/4
108年04月08日,21.46,3.05,4.36,107.0,107/4
108年04月09日,22.17,2.95,4.51,107.0,107/4
108年04月10日,22.33,2.93,4.54,107.0,107/4
108年04月11日,21.76,3.0,4.42,107.0,107/4
108年04月12日,21.81,3.0,4.43,107.0,107/4
108年04月15日,21.9,2.99,4.45,107.0,107/4
108年04月16日,22.47,2.91,4.57,107.0,107/4
108年04月17日,22.82,2.86,4.64,107.0,107/4
108年04月18日,22.98,2.84,4.67,107.0,107/4
108年04月19日,22.44,2.91,4.56,107.0,107/4
108年04月22日,22.74,2.87,4.62,107.0,107/4
108年04月23日,22.93,2.85,4.66,107.0,107/4
108年04月24日,22.79,2.87,4.63,107.0,107/4
108年04月25日,22.88,2.86,4.65,107.0,107/4
108年04月26日,22.88,2.86,4.65,107.0,107/4
108年04月29日,24.46,2.67,4.97,107.0,107/4
108年04月30日,25.44,2.57,5.17,107.0,107/4
108年05月02日,25.33,2.58,5.15,107.0,107/4
108年05月03日,25.33,2.58,5.15,107.0,107/4
108年05月06日,25.27,2.59,5.14,107.0,107/4
108年05月07日,24.51,2.67,4.98,107.0,107/4
108年05月08日,24.59,2.66,5.0,107.0,107/4
108年05月09日,23.92,2.79,4.48,107.0,108/1
108年05月10日,24.19,2.76,4.54,107.0,108/1
108年05月13日,23.89,2.79,4.48,107.0,108/1
108年05月14日,24.53,2.72,4.6,107.0,108/1
108年05月15日,24.64,2.71,4.62,107.0,108/1
108年05月16日,24.47,2.73,4.59,107.0,108/1
108年05月17日,24.94,2.68,4.68,107.0,108/1
108年05月20日,25.5,2.62,4.78,107.0,108/1
108年05月21日,27.7,2.41,5.19,107.0,108/1
108年05月22日,27.06,2.47,5.07,107.0,108/1
108年05月23日,27.67,2.41,5.19,107.0,108/1
108年05月24日,26.89,2.48,5.04,107.0,108/1
108年05月27日,27.61,2.42,5.18,107.0,108/1
108年05月28日,28.09,2.38,5.27,107.0,108/1
108年05月29日,27.92,2.39,5.23,107.0,108/1
108年05月30日,27.78,2.4,5.21,107.0,108/1
108年05月31日,28.14,2.37,5.28,107.0,108/1
108年06月03日,27.98,2.39,5.25,107.0,108/1
108年06月04日,28.03,2.38,5.26,107.0,108/1
108年06月05日,28.42,2.35,5.33,107.0,108/1
108年06月06日,28.36,2.35,5.32,107.0,108/1
108年06月10日,28.81,2.32,5.4,107.0,108/1
108年06月11日,28.75,2.32,5.39,107.0,108/1
108年06月12日,28.48,2.34,5.34,107.0,108/1
108年06月13日,27.73,2.41,5.2,107.0,108/1
108年06月14日,27.98,2.39,5.25,107.0,108/1
108年06月17日,28.31,2.36,5.31,107.0,108/1
108年06月18日,28.48,2.34,5.34,107.0,108/1
108年06月19日,28.7,2.33,5.38,107.0,108/1
108年06月20日,28.75,2.32,5.39,107.0,108/1
108年06月21日,28.7,2.33,5.38,107.0,108/1
108年06月24日,29.2,2.29,5.47,107.0,108/1
108年06月25日,28.42,2.35,5.33,107.0,108/1
108年06月26日,28.03,2.38,5.26,107.0,108/1
108年06月27日,28.59,2.33,5.36,107.0,108/1
108年06月28日,28.25,2.36,5.3,107.0,108/1
108年07月01日,27.7,2.41,5.19,107.0,108/1
108年07月02日,27.56,2.42,5.17,107.0,108/1
108年07月03日,27.25,2.45,5.11,107.0,108/1
108年07月04日,28.03,2.38,5.26,107.0,108/1
108年07月05日,27.39,2.44,5.14,107.0,108/1
108年07月08日,26.89,2.48,5.04,107.0,108/1
108年07月09日,27.78,2.4,5.21,107.0,108/1
108年07月10日,27.92,2.39,5.23,107.0,108/1
108年07月11日,27.64,2.41,5.18,107.0,108/1
108年07月12日,27.31,2.44,5.12,107.0,108/1
108年07月15日,27.36,2.44,5.13,107.0,108/1
108年07月16日,27.14,2.46,5.09,107.0,108/1
108年07月17日,27.42,2.43,5.14,107.0,108/1
108年07月18日,27.25,2.45,5.11,107.0,108/1
108年07月19日,26.64,2.51,4.99,107.0,108/1
108年07月22日,25.67,2.6,4.81,107.0,108/1
108年07月23日,25.58,2.61,4.8,107.0,108/1
108年07月24日,25.42,2.63,4.77,107.0,108/1
108年07月25日,25.61,2.61,4.8,107.0,108/1
108年07月26日,25.14,2.65,4.71,107.0,108/1
108年07月29日,25.56,2.61,4.79,107.0,108/1
108年07月30日,24.81,2.69,4.65,107.0,108/1
108年07月31日,25.06,2.66,4.7,107.0,108/1
108年08月01日,24.97,2.67,4.68,107.0,108/1
108年08月02日,23.97,2.78,4.49,107.0,108/1
108年08月05日,24.53,2.72,4.6,107.0,108/1
108年08月06日,23.8,2.8,4.46,107.0,108/1
108年08月07日,23.89,2.79,4.48,107.0,108/1
108年08月08日,24.17,2.76,4.53,107.0,108/1
108年08月12日,23.03,2.76,4.81,107.0,108/2
108年08月13日,22.79,2.79,4.76,107.0,108/2
108年08月14日,22.66,2.81,4.74,107.0,108/2
108年08月15日,22.2,2.86,4.64,107.0,108/2
108年08月16日,22.95,2.77,4.8,107.0,108/2
108年08月19日,23.16,2.75,4.84,107.0,108/2
108年08月20日,22.76,2.79,4.76,107.0,108/2
108年08月21日,22.36,2.84,4.67,107.0,108/2
108年08月22日,22.58,2.82,4.72,107.0,108/2
108年08月23日,22.79,2.79,4.76,107.0,108/2
108年08月26日,22.13,2.87,4.62,107.0,108/2
108年08月27日,22.28,2.85,4.66,107.0,108/2
108年08月28日,21.78,2.92,4.55,107.0,108/2
108年08月29日,22.47,2.83,4.7,107.0,108/2
108年08月30日,23.45,2.71,4.9,107.0,108/2
108年09月02日,23.08,2.76,4.82,107.0,108/2
108年09月03日,22.13,2.87,4.62,107.0,108/2
108年09月04日,22.89,2.78,4.79,107.0,108/2
108年09月05日,23.18,2.74,4.85,107.0,108/2
108年09月06日,23.45,2.71,4.9,107.0,108/2
108年09月09日,23.26,2.73,4.86,107.0,108/2
108年09月10日,22.76,2.79,4.76,107.0,108/2
108年09月11日,23.05,2.76,4.82,107.0,108/2
108年09月12日,23.66,2.69,4.95,107.0,108/2
108年09月16日,23.58,2.7,4.93,107.0,108/2
108年09月17日,23.56,2.7,4.92,107.0,108/2
108年09月18日,23.74,2.68,4.96,107.0,108/2
108年09月19日,23.58,2.7,4.93,107.0,108/2
108年09月20日,25.62,2.48,5.36,107.0,108/2
108年09月23日,24.72,2.57,5.17,107.0,108/2
108年09月24日,24.64,2.58,5.15,107.0,108/2
108年09月25日,24.75,2.57,5.17,107.0,108/2
108年09月26日,25.07,2.54,5.24,107.0,108/2
108年09月27日,24.99,2.55,5.22,107.0,108/2
108年10月01日,25.97,2.45,5.43,107.0,108/2
108年10月02日,25.54,2.49,5.34,107.0,108/2
108年10月03日,24.91,2.55,5.21,107.0,108/2
108年10月04日,25.17,2.53,5.26,107.0,108/2
108年10月07日,25.2,2.52,5.27,107.0,108/2
108年10月08日,24.93,2.55,5.21,107.0,108/2
108年10月09日,24.59,2.59,5.14,107.0,108/2
108年10月14日,25.33,2.51,5.29,107.0,108/2
108年10月15日,25.23,2.52,5.27,107.0,108/2
108年10月16日,25.49,2.49,5.33,107.0,108/2
108年10月17日,25.7,2.47,5.37,107.0,108/2
108年10月18日,25.78,2.47,5.39,107.0,108/2
108年10月21日,26.13,2.43,5.46,107.0,108/2
108年10月22日,26.92,2.36,5.63,107.0,108/2
108年10月23日,26.6,2.39,5.56,107.0,108/2
108年10月24日,27.4,2.32,5.73,107.0,108/2
108年10月25日,27.56,2.31,5.76,107.0,108/2
108年10月28日,27.77,2.29,5.8,107.0,108/2
108年10月29日,28.09,2.26,5.87,107.0,108/2
108年10月30日,28.56,2.23,5.97,107.0,108/2
108年10月31日,28.51,2.23,5.96,107.0,108/2
108年11月01日,28.78,2.21,6.01,107.0,108/2
108年11月04日,29.36,2.17,6.14,107.0,108/2
108年11月05日,30.1,2.11,6.29,107.0,108/2
108年11月06日,30.21,2.11,6.31,107.0,108/2
108年11月07日,30.15,2.11,6.3,107.0,108/2
108年11月08日,29.84,2.13,6.24,107.0,108/2
108年11月11日,29.99,2.12,6.27,107.0,108/2
108年11月12日,30.47,2.09,6.37,107.0,108/2
108年11月13日,28.06,2.08,5.95,107.0,108/3
108年11月14日,27.67,2.11,5.87,107.0,108/3
108年11月15日,28.01,2.09,5.94,107.0,108/3
108年11月18日,28.01,2.09,5.94,107.0,108/3
108年11月19日,28.2,2.07,5.99,107.0,108/3
108年11月20日,28.3,2.07,6.01,107.0,108/3
108年11月21日,27.72,2.11,5.88,107.0,108/3
108年11月22日,27.86,2.1,5.91,107.0,108/3
108年11月25日,28.4,2.06,6.03,107.0,108/3
108年11月26日,29.42,1.99,6.24,107.0,108/3
108年11月27日,29.66,1.97,6.3,107.0,108/3
108年11月28日,29.91,1.95,6.35,107.0,108/3
108年11月29日,29.08,2.01,6.17,107.0,108/3
108年12月02日,29.76,1.96,6.32,107.0,108/3
108年12月03日,30.05,1.94,6.38,107.0,108/3
108年12月04日,29.96,1.95,6.36,107.0,108/3
108年12月05日,29.66,1.97,6.3,107.0,108/3
108年12月06日,29.66,1.97,6.3,107.0,108/3
108年12月09日,29.96,1.95,6.36,107.0,108/3
108年12月10日,29.81,1.96,6.33,107.0,108/3
108年12月11日,29.86,1.96,6.34,107.0,108/3
108年12月12日,30.3,1.93,6.43,107.0,108/3
108年12月13日,31.17,1.88,6.62,107.0,108/3
108年12月16日,30.88,1.89,6.55,107.0,108/3
108年12月17日,32.1,1.82,6.81,107.0,108/3
108年12月18日,32.44,1.8,6.89,107.0,108/3
108年12月19日,33.02,1.77,7.01,107.0,108/3
108年12月20日,33.66,1.74,7.14,107.0,108/3
108年12月23日,33.8,1.73,7.17,107.0,108/3
108年12月24日,33.41,1.75,7.09,107.0,108/3
108年12月25日,33.76,1.73,7.16,107.0,108/3
108年12月26日,33.56,1.74,7.12,107.0,108/3
108年12月27日,34.24,1.71,7.27,107.0,108/3
108年12月30日,34.44,1.7,7.31,107.0,108/3
108年12月31日,33.27,1.76,7.06,107.0,108/3
