mean_fit_time,std_fit_time,mean_score_time,std_score_time,param_learning_rate,param_max_depth,param_n_estimators,param_subsample,params,split0_test_score,split1_test_score,split2_test_score,split3_test_score,split4_test_score,mean_test_score,std_test_score,rank_test_score,split0_train_score,split1_train_score,split2_train_score,split3_train_score,split4_train_score,mean_train_score,std_train_score
0.5030295372009277,0.12195879929939173,0.0033912181854248045,0.0010178419750274442,0.05,3,60,0.6,"{'learning_rate': 0.05, 'max_depth': 3, 'n_estimators': 60, 'subsample': 0.6}",-1108.5335721105678,-246.0597478786014,-209.6622290806745,-58.07395048837333,-1658.1655411899642,-655.9481338123028,621.7407813154089,93,-78.23093327460681,-93.86596325346984,-74.10130307058664,-93.32550513418657,-78.0292284205313,-83.51058663067623,8.366852391823352
0.8633742332458496,0.32282825898811957,0.004391670227050781,0.0025714747851660453,0.05,3,60,0.7,"{'learning_rate': 0.05, 'max_depth': 3, 'n_estimators': 60, 'subsample': 0.7}",-1112.2432943321974,-212.75299642440228,-158.56986130341693,-59.05245285439526,-1633.035838954578,-634.9733732718332,626.0696139112613,79,-77.1631524282353,-92.9829133409264,-73.83060097667027,-92.70434808049275,-77.70953082412846,-82.87810913009064,8.24493026829064
1.271021556854248,0.12728103950827968,0.005586004257202149,0.0020524081031162962,0.05,3,60,0.8,"{'learning_rate': 0.05, 'max_depth': 3, 'n_estimators': 60, 'subsample': 0.8}",-1119.5615356028468,-947.0031420542117,-159.5938731573905,-62.0050499063805,-1676.735928867966,-792.9228554446677,607.590156546993,125,-76.70261189581171,-92.2189310519554,-73.13857013816592,-92.92424148796007,-77.32895670512157,-82.46266225580294,8.379752114500668
1.292713212966919,0.04115187959651514,0.0029874324798583986,0.0006316031245762534,0.05,3,70,0.6,"{'learning_rate': 0.05, 'max_depth': 3, 'n_estimators': 70, 'subsample': 0.6}",-833.4134442016287,-234.18044176367434,-283.6021236282673,-46.71062554940434,-1545.5244730767874,-588.5313065374035,545.302182717186,49,-55.44604859721966,-57.48675325573329,-43.590966927216186,-55.68481234873476,-48.18018063235796,-52.07775235225237,5.307168441801503
1.0661867141723633,0.22609287986996293,0.007580089569091797,0.007767019592924715,0.05,3,70,0.7,"{'learning_rate': 0.05, 'max_depth': 3, 'n_estimators': 70, 'subsample': 0.7}",-874.7951654095162,-723.0395229400725,-130.88134272762457,-47.842641454869046,-1506.0750644233553,-656.4368055646887,532.8449048485661,95,-54.961964987861606,-56.97824088020589,-42.927119137421386,-54.99342818938119,-47.64201977520773,-51.500554594015554,5.34001238564264
0.6848394393920898,0.17200773070482978,0.0032892227172851562,0.0007457834222357521,0.05,3,70,0.8,"{'learning_rate': 0.05, 'max_depth': 3, 'n_estimators': 70, 'subsample': 0.8}",-746.9980354022739,-603.7502534862465,-136.4613442145742,-46.79617294166786,-1520.4444081142824,-610.7610433936491,526.8868291530345,62,-55.54538423306318,-57.03792248062284,-42.818876230710714,-54.82701178979343,-47.60692507956984,-51.56722396275201,5.451569927495928
0.6633902549743652,0.17343034034710875,0.0058711528778076175,0.00328021308917511,0.05,3,80,0.6,"{'learning_rate': 0.05, 'max_depth': 3, 'n_estimators': 80, 'subsample': 0.6}",-591.5034272932387,-509.9674039425108,-218.62540921737215,-41.166889799173475,-1422.2365804098336,-556.5692462452173,475.72438430123907,31,-45.80888535320067,-43.28278996736036,-31.130164798169762,-40.51632383507356,-35.936360002169884,-39.334904791194845,5.249034914625924
0.7220878601074219,0.1527167528908781,0.004591846466064453,0.00420991704539538,0.05,3,80,0.7,"{'learning_rate': 0.05, 'max_depth': 3, 'n_estimators': 80, 'subsample': 0.7}",-669.5131939673989,-856.5084463161485,-181.36067360791387,-42.05477722056367,-1436.7424643684644,-637.1596133293327,499.89494326894226,81,-45.36783332602326,-42.41224403675321,-30.583531928331006,-39.701353549058275,-35.37797869019811,-38.68858830607277,5.218346373893867
0.7602653980255127,0.06342779713399396,0.002793025970458984,0.000398612689070113,0.05,3,80,0.8,"{'learning_rate': 0.05, 'max_depth': 3, 'n_estimators': 80, 'subsample': 0.8}",-611.5542825756536,-388.5867019735547,-153.701681099293,-42.34673924234604,-1406.9565664704246,-520.476824997733,484.4898441261832,10,-44.93453499602063,-42.342641020823784,-30.264688918831602,-39.59962723700495,-35.43711017547928,-38.51572046963205,5.188038506126093
0.6005027294158936,0.06844247259941472,0.0049839973449707035,0.0028868145958471664,0.05,3,90,0.6,"{'learning_rate': 0.05, 'max_depth': 3, 'n_estimators': 90, 'subsample': 0.6}",-517.4827369021625,-220.5531083137082,-192.15986642217294,-41.28390635083135,-1400.2513060738984,-474.1621508906728,487.78732163682355,2,-40.67875520222183,-36.47173168696094,-25.200108663180067,-33.40409228059644,-30.364555841901282,-33.223848734972115,5.267121081369734
0.6476863861083985,0.06472341475968911,0.0031917572021484377,0.0009772236246704347,0.05,3,90,0.7,"{'learning_rate': 0.05, 'max_depth': 3, 'n_estimators': 90, 'subsample': 0.7}",-544.9636431521748,-648.3469711241463,-258.34564110876784,-40.3844094147693,-1399.628097605867,-578.2279477753727,462.88719906896426,39,-40.56368023584432,-35.69588557575318,-24.851083849420096,-33.11252869863961,-30.245145895010744,-32.89366485093359,5.261696308321051
0.642615556716919,0.10177348343647807,0.0027914047241210938,0.0004020934249112668,0.05,3,90,0.8,"{'learning_rate': 0.05, 'max_depth': 3, 'n_estimators': 90, 'subsample': 0.8}",-613.5023608597257,-360.8331732993374,-264.9355687271045,-40.879390587842884,-1428.2775097590898,-541.5415432533961,479.6314738922133,25,-40.0925500188082,-35.84639918547387,-24.815112444695338,-33.367206005482736,-29.88877844279004,-32.80200921945003,5.196482973472351
0.6621964931488037,0.07029963183059659,0.0059849262237548825,0.004136847369683588,0.05,3,100,0.6,"{'learning_rate': 0.05, 'max_depth': 3, 'n_estimators': 100, 'subsample': 0.6}",-568.3198001884541,-695.2229793793032,-257.06916857334755,-38.982129452186214,-1357.1726828981116,-583.26767319307,450.20546293633487,43,-37.136592671063106,-32.626987342649315,-22.581207023644808,-30.176697017934075,-27.16150419596722,-29.936597650251702,4.918103041885539
0.778524923324585,0.026073316163684614,0.006781816482543945,0.00390950483000646,0.05,3,100,0.7,"{'learning_rate': 0.05, 'max_depth': 3, 'n_estimators': 100, 'subsample': 0.7}",-514.1782421929595,-220.7187892915276,-303.6252001195184,-39.203420623920046,-1342.8869646359153,-483.96798814554097,455.4826733040525,5,-36.918749843754775,-32.49293171190895,-22.08913580332145,-29.81734140404397,-27.090011858772268,-29.681634124360283,4.993199199909653
0.8773504734039307,0.08181257627758351,0.0029886245727539064,0.0006309217193409014,0.05,3,100,0.8,"{'learning_rate': 0.05, 'max_depth': 3, 'n_estimators': 100, 'subsample': 0.8}",-587.7737328205587,-1098.53600357302,-209.27125906597516,-40.865636749953985,-1339.4315686688947,-655.149521458329,498.9742540077704,91,-36.77688217789556,-31.90252184196335,-21.628883362316945,-29.152149905547738,-26.907753877417317,-29.27363823302818,5.045079661543876
0.5234567642211914,0.051705408126282326,0.0031928539276123045,0.0009764749447681165,0.05,4,60,0.6,"{'learning_rate': 0.05, 'max_depth': 4, 'n_estimators': 60, 'subsample': 0.6}",-932.2427682558819,-1026.3814329933073,-139.01677317088806,-58.37104987717951,-1490.007760720956,-729.1703607017042,548.7993562353048,116,-65.6560694405464,-81.10956126516334,-64.01362479078358,-78.58575199451757,-67.34079259362849,-71.34116001692787,7.069961000482632
0.6223247051239014,0.09145832083384137,0.0023937225341796875,0.0007979870768564956,0.05,4,60,0.7,"{'learning_rate': 0.05, 'max_depth': 4, 'n_estimators': 60, 'subsample': 0.7}",-806.0905273818889,-1062.4208025686437,-167.82729161685666,-58.346090621099705,-1525.956451894604,-724.0774314436228,550.6232046072987,115,-64.64564230537637,-80.64082752643179,-62.856271115450774,-79.10702770079529,-67.19474123791707,-70.88890197719425,7.480453405846242
0.6263694286346435,0.05896970196659804,0.0029956817626953123,0.0026071273038074786,0.05,4,60,0.8,"{'learning_rate': 0.05, 'max_depth': 4, 'n_estimators': 60, 'subsample': 0.8}",-836.4070831130191,-574.2808997365173,-134.57611527177806,-57.48531438565726,-1512.807083361604,-622.990287299406,528.584195616117,69,-64.97517336471468,-80.86199144529482,-63.154213101640956,-79.14738550659962,-67.46956391927813,-71.12166546750564,7.4011301892355545
0.8532535076141358,0.07266009064465484,0.003399229049682617,0.000794985286902208,0.05,4,70,0.6,"{'learning_rate': 0.05, 'max_depth': 4, 'n_estimators': 70, 'subsample': 0.6}",-590.8437912528839,-565.0026937497618,-244.90524581800182,-45.464551959397504,-1333.2744697467804,-555.7984706245975,438.6300004277569,30,-45.51182619710963,-49.24156510523723,-35.879265925936615,-46.121242721863396,-39.83769235441309,-43.318318460911996,4.8001452503495
0.7376398086547852,0.07856693567398845,0.004498529434204102,0.0013558457167051248,0.05,4,70,0.7,"{'learning_rate': 0.05, 'max_depth': 4, 'n_estimators': 70, 'subsample': 0.7}",-606.5400246394163,-1385.1296683679834,-149.05516955946206,-45.740695678131594,-1415.3035370478276,-720.3462251098679,586.3195802918749,114,-45.0860227100965,-48.93647609715868,-35.53446628235648,-45.73839160932074,-39.69559044540329,-42.998189428867136,4.769598046127495
0.7913649559020997,0.1005925239786538,0.0055983543395996095,0.0028550385050075187,0.05,4,70,0.8,"{'learning_rate': 0.05, 'max_depth': 4, 'n_estimators': 70, 'subsample': 0.8}",-618.4695421134392,-635.5732586740127,-178.26254427750158,-46.20274368677259,-1470.2112064512728,-589.6180464072702,498.36356734446116,50,-45.28712064627762,-48.41885377215196,-35.597058386578695,-45.52943654734454,-39.43425052872252,-42.85334397621507,4.656254292426813
0.7905732154846191,0.05126171963352633,0.0036005496978759764,0.0017595427946783876,0.05,4,80,0.6,"{'learning_rate': 0.05, 'max_depth': 4, 'n_estimators': 80, 'subsample': 0.6}",-541.6799155987698,-291.89091821202305,-348.2095005035214,-41.46242680142349,-1358.2976390944293,-516.1709837366518,450.0446778356453,9,-37.02898992870914,-36.09730502623756,-24.6581644626366,-32.59579157390433,-28.862446761289778,-31.848539550555483,4.6057725481254135
0.9111535549163818,0.14857680950693783,0.00438380241394043,0.002329031757635982,0.05,4,80,0.7,"{'learning_rate': 0.05, 'max_depth': 4, 'n_estimators': 80, 'subsample': 0.7}",-554.2573812715793,-590.1409772741522,-152.46675643333825,-41.882069056370135,-1313.15790359167,-530.2711303194484,446.65139717741425,12,-36.779867649685485,-35.82556485010184,-24.804155401228176,-32.18446205117919,-28.53113453435514,-31.62503689730997,4.486119211204541
0.7815669059753418,0.13179018793034933,0.0032998085021972655,0.0009774912458823293,0.05,4,80,0.8,"{'learning_rate': 0.05, 'max_depth': 4, 'n_estimators': 80, 'subsample': 0.8}",-505.00799843511396,-1024.8100512698386,-158.98403569813388,-42.097869166085545,-1348.420062501171,-615.8047091926948,500.6857657057447,65,-36.33120434410036,-35.755725888964385,-24.054261858812772,-32.11110853271638,-28.152954870892078,-31.28105109909719,4.652466579194249
1.0338186264038085,0.1774577953143191,0.00332026481628418,0.0006260226398729685,0.05,4,90,0.6,"{'learning_rate': 0.05, 'max_depth': 4, 'n_estimators': 90, 'subsample': 0.6}",-411.006309386481,-692.6561588251403,-150.54688641323958,-39.560051328616225,-1378.2676221724016,-534.2770796870686,478.25962830819594,17,-32.94532248378641,-30.445275762948818,-20.10160176840165,-26.6288364526284,-23.74838866801822,-26.7738850271567,4.58824108802378
0.8500545978546142,0.08661595173972103,0.005316352844238282,0.002452226539263918,0.05,4,90,0.7,"{'learning_rate': 0.05, 'max_depth': 4, 'n_estimators': 90, 'subsample': 0.7}",-428.4722105192976,-1256.6841369812164,-202.53513885962346,-41.23511511584549,-1350.9855951531524,-655.9524707553949,543.8122435834074,94,-32.707036520192176,-30.117993780915302,-19.910019573749896,-26.21026162373159,-23.797516896164492,-26.548565678950688,4.525938433241001
0.8054234504699707,0.051273264614288626,0.005405044555664063,0.003014661594439981,0.05,4,90,0.8,"{'learning_rate': 0.05, 'max_depth': 4, 'n_estimators': 90, 'subsample': 0.8}",-400.4346952738227,-1192.128761156309,-163.665843712818,-41.604569781659336,-1376.829545491566,-634.8772055817014,545.7886471763702,78,-32.56422578499413,-29.702660497566267,-19.738850268692023,-26.155794511707732,-23.1854918482444,-26.269404582240906,4.551562035081855
0.8910824298858643,0.09625109649224325,0.00671229362487793,0.005165623935171183,0.05,4,100,0.6,"{'learning_rate': 0.05, 'max_depth': 4, 'n_estimators': 100, 'subsample': 0.6}",-409.3852909385733,-1052.0085593558315,-139.2067904184789,-39.33865847760884,-1333.6600557953511,-594.6513276916129,510.84526883614564,54,-30.451916477845252,-27.29900421425944,-17.82476259994903,-23.84533635559404,-21.602409712792728,-24.2046858720881,4.38650408609932
0.9501063823699951,0.07691240460152635,0.004585933685302734,0.0037074741449779503,0.05,4,100,0.7,"{'learning_rate': 0.05, 'max_depth': 4, 'n_estimators': 100, 'subsample': 0.7}",-426.3118379177821,-444.47177922730725,-232.1887425939793,-40.11605999288943,-1416.039342828824,-511.66404978706396,475.196851683265,8,-30.015020693969042,-27.15599392119485,-17.726144654119235,-23.55143674280106,-21.317529080330193,-23.953225018482875,4.310172901790247
1.0165791511535645,0.13597135455249226,0.010198068618774415,0.00808805114864755,0.05,4,100,0.8,"{'learning_rate': 0.05, 'max_depth': 4, 'n_estimators': 100, 'subsample': 0.8}",-433.4681534165779,-647.7612834331561,-217.75376177927586,-40.35862382501958,-1310.446003227086,-529.8489432180828,440.1516962709543,11,-29.707658422575335,-26.723443660614002,-17.311852040848642,-23.271018198870976,-20.948929008726317,-23.592580266327055,4.329811257504711
0.8319009780883789,0.09321526013210187,0.004094886779785156,0.0034577608482516237,0.05,5,60,0.6,"{'learning_rate': 0.05, 'max_depth': 5, 'n_estimators': 60, 'subsample': 0.6}",-772.6482121569804,-473.41667657967065,-179.41309561450885,-59.05402087574754,-1648.4909080456982,-626.4349277763985,567.4139246931352,73,-56.385887032056665,-74.07282897285924,-57.18420861094906,-70.59873598454149,-59.444978930543876,-63.53732790619007,7.336386280302531
0.7807196140289306,0.11720178071577052,0.0027925968170166016,0.00039863594981470973,0.05,5,60,0.7,"{'learning_rate': 0.05, 'max_depth': 5, 'n_estimators': 60, 'subsample': 0.7}",-895.1764908476325,-265.10202211185396,-213.07624910749175,-56.479941504928675,-1571.8195323494206,-600.17116168035,563.5094728952546,59,-55.59366944299021,-73.30663302143353,-56.919041409719014,-70.75757363172202,-59.551381772405,-63.225659855653966,7.346792203593804
1.0679965019226074,0.1222011041457923,0.0030005931854248046,1.4538920562151619e-05,0.05,5,60,0.8,"{'learning_rate': 0.05, 'max_depth': 5, 'n_estimators': 60, 'subsample': 0.8}",-834.6089278735457,-1204.7639438488727,-151.03863952838242,-59.65162489289256,-1655.4184518395284,-781.0392311733661,610.4498992115134,124,-55.34289489381804,-73.21726856889121,-56.5595830637344,-70.21951570920314,-58.89841944718702,-62.84753633656676,7.393658772112952
0.8491309642791748,0.07190551828141148,0.004588079452514648,0.0027927622371171665,0.05,5,70,0.6,"{'learning_rate': 0.05, 'max_depth': 5, 'n_estimators': 70, 'subsample': 0.6}",-548.7214525349214,-711.7611284750024,-167.44720808197903,-45.39649775531448,-1526.8274129126246,-599.8917696641549,523.0028980702244,58,-36.65987766492049,-42.524046665273445,-30.143124309811977,-38.33519390198812,-32.1822269558362,-35.96889389956605,4.411922481251163
0.8684305667877197,0.13535866648248845,0.0029929161071777345,0.0010940166212049427,0.05,5,70,0.7,"{'learning_rate': 0.05, 'max_depth': 5, 'n_estimators': 70, 'subsample': 0.7}",-607.7398783085641,-746.8574552827008,-220.01218799471408,-45.00504361457766,-1499.5061477717231,-623.713290127616,505.8081452508638,71,-36.384417177971635,-42.21635423217763,-29.94723212974743,-38.1231889126968,-32.103110573209825,-35.75486060516066,4.354768585055029
1.01981463432312,0.09266652795047434,0.0037890911102294923,0.001593757391721217,0.05,5,70,0.8,"{'learning_rate': 0.05, 'max_depth': 5, 'n_estimators': 70, 'subsample': 0.8}",-585.1542091421006,-375.9955075511099,-220.65443457907844,-46.1004612340242,-1482.0141956875416,-541.8179113274774,502.20700061504743,26,-36.301811225515706,-42.31772164797957,-29.60754115908921,-37.265738283579466,-31.83267554518531,-35.465097572269855,4.4363568465170315
0.8732531547546387,0.04412488637573705,0.004385137557983398,0.0028646092730190064,0.05,5,80,0.6,"{'learning_rate': 0.05, 'max_depth': 5, 'n_estimators': 80, 'subsample': 0.6}",-494.5495530974372,-530.9939544264242,-215.30600147864942,-41.87147798381244,-1520.6886935077193,-560.5171876674069,512.6549694894895,33,-29.342260944515502,-30.23453857909107,-19.70041733988047,-25.190010732447853,-22.079733042494095,-25.3093921276858,4.060212958845224
1.0597519397735595,0.10054258043029651,0.0033979892730712892,0.0003755987726732926,0.05,5,80,0.7,"{'learning_rate': 0.05, 'max_depth': 5, 'n_estimators': 80, 'subsample': 0.7}",-443.94444202603,-546.8719626108466,-169.42492930895952,-41.38466315241367,-1499.7122255559957,-540.0956648446479,512.8476814362685,24,-28.767100917863605,-29.896327025190235,-19.420574089566383,-25.06287339502564,-21.947281737486293,-25.018831433026428,3.9652573659910817
1.0582318782806397,0.07701720874718927,0.004995393753051758,0.0017584132090727542,0.05,5,80,0.8,"{'learning_rate': 0.05, 'max_depth': 5, 'n_estimators': 80, 'subsample': 0.8}",-464.1991719993753,-654.1318489071533,-242.34172746297952,-45.37058095150243,-1513.675525953623,-583.7977073638157,507.7848884442538,45,-28.45670045954538,-29.795820764750793,-19.253545516000003,-24.658196179931398,-21.62649284255423,-24.75815115255636,3.9793300963609957
1.1152903079986571,0.07149208051324013,0.0063244342803955075,0.0033566015035918625,0.05,5,90,0.6,"{'learning_rate': 0.05, 'max_depth': 5, 'n_estimators': 90, 'subsample': 0.6}",-392.72850247816444,-1218.7516918644342,-161.24478698787232,-41.00947745028769,-1435.6665655504457,-649.8141422698002,568.5160449405198,86,-25.29948203606936,-24.85392650100032,-15.524353731341577,-19.869612788390434,-17.519126273002612,-20.61330026596086,3.897885863978319
1.1488736152648926,0.14213280824076835,0.0033998966217041017,0.0004967935066869763,0.05,5,90,0.7,"{'learning_rate': 0.05, 'max_depth': 5, 'n_estimators': 90, 'subsample': 0.7}",-464.77815235756987,-982.4285441323071,-277.8498684430644,-44.56102391005569,-1451.5623760344101,-644.1584532391134,508.1890919721386,84,-24.832529514103967,-24.54601337259293,-15.148739310259755,-19.651233689157415,-17.16196733059006,-20.268096643340826,3.8825506484697003
1.0985551834106446,0.055678529194747556,0.0032930850982666017,0.0004000467788934399,0.05,5,90,0.8,"{'learning_rate': 0.05, 'max_depth': 5, 'n_estimators': 90, 'subsample': 0.8}",-390.4812733185772,-601.8948841860993,-172.00999502192553,-41.69296217900229,-1484.46636961445,-537.9410829961746,510.0494393659952,23,-24.566816188172623,-24.159406866817836,-14.755331932984229,-19.252740047256648,-17.11711060967206,-19.97028112898068,3.8607784533906613
1.1493370532989502,0.10465557781239247,0.005207681655883789,0.0034347566093710044,0.05,5,100,0.6,"{'learning_rate': 0.05, 'max_depth': 5, 'n_estimators': 100, 'subsample': 0.6}",-437.5018771385198,-1392.3461093726457,-242.2398787602496,-39.705206128077656,-1430.4507370611789,-708.4288743060981,587.6163386339848,111,-23.315709200091078,-21.865536897340842,-13.3605394705615,-17.15749854043855,-15.369090304533627,-18.213674882593118,3.798076975698633
1.2821267127990723,0.102010707441201,0.0068057537078857425,0.006617067269618204,0.05,5,100,0.7,"{'learning_rate': 0.05, 'max_depth': 5, 'n_estimators': 100, 'subsample': 0.7}",-388.62094893257444,-867.6616969536034,-217.3966982678572,-42.0486775420258,-1473.540865819023,-597.7343294117715,516.9254224492457,56,-22.43431791998681,-21.60093765860979,-12.800147403371735,-16.912224118456944,-15.154257269779654,-17.78037687404099,3.70698613245749
1.2185973644256591,0.14104057502462963,0.005398607254028321,0.0031498415762435065,0.05,5,100,0.8,"{'learning_rate': 0.05, 'max_depth': 5, 'n_estimators': 100, 'subsample': 0.8}",-381.4364348434343,-701.5735939818654,-378.9193831242635,-42.508190536492144,-1460.6048176250652,-592.8900762402536,481.05112049375157,52,-22.03807003027521,-21.410536400883416,-12.659919154023335,-16.550744233223114,-14.51160841683167,-17.43417564704735,3.7181356531414713
0.4837954998016357,0.05929836054570713,0.00398707389831543,0.0020941293258292452,0.07,3,60,0.6,"{'learning_rate': 0.07, 'max_depth': 3, 'n_estimators': 60, 'subsample': 0.6}",-682.8169890213662,-664.5677256285823,-360.9803375867906,-42.19335966685567,-1442.882804713255,-638.6106855646942,465.01833417340066,82,-43.01821464483854,-40.12587244448531,-27.786461106949805,-36.34669731328295,-32.77344135208025,-36.01013737232737,5.371605854504821
0.4342327117919922,0.042639028937576574,0.0021943569183349608,0.0007464295528112258,0.07,3,60,0.7,"{'learning_rate': 0.07, 'max_depth': 3, 'n_estimators': 60, 'subsample': 0.7}",-539.9792758035442,-366.7583657005048,-333.8432107555379,-41.78095962390329,-1394.5048579818267,-535.2368369044825,458.20491574364365,19,-42.16877362922189,-39.290938284077605,-27.469896845063968,-36.477189763221,-32.80306567972246,-35.64197284026138,5.127453258583242
0.5274645805358886,0.16521222365771696,0.0018053054809570312,0.0007345405497471765,0.07,3,60,0.8,"{'learning_rate': 0.07, 'max_depth': 3, 'n_estimators': 60, 'subsample': 0.8}",-581.9669689626513,-908.7054381411451,-166.45970473499352,-42.05551949057771,-1417.7224585643585,-623.3024758046984,501.986542471745,70,-42.20111838804558,-39.00398600667899,-27.559610780399737,-35.79677726719554,-32.22566537792446,-35.35743156404886,5.1174290754899125
0.5856058120727539,0.05594212343168789,0.003232908248901367,0.0024573539517997486,0.07,3,70,0.6,"{'learning_rate': 0.07, 'max_depth': 3, 'n_estimators': 70, 'subsample': 0.6}",-656.5937031935738,-1021.3672414203596,-339.632040645093,-40.277561473758645,-1308.4750337942935,-673.2682892334749,455.2366232828106,98,-37.904750212927674,-33.876927648234435,-23.335014229867237,-31.2012865958133,-27.789788870796944,-30.821553511527917,4.997820546876636
0.5726844787597656,0.09583773837668277,0.004986763000488281,0.00267735011915,0.07,3,70,0.7,"{'learning_rate': 0.07, 'max_depth': 3, 'n_estimators': 70, 'subsample': 0.7}",-504.04755782061693,-562.1243433854534,-276.88405934961884,-41.884212524334515,-1300.5542296805017,-536.9987159960555,423.47519053142753,21,-37.77541120115558,-33.168399634382126,-22.73006653352168,-30.74875848314675,-27.332966046696455,-30.351120379780514,5.106955844060177
0.4620387554168701,0.040203932327852264,0.0037901878356933595,0.0015954734132968159,0.07,3,70,0.8,"{'learning_rate': 0.07, 'max_depth': 3, 'n_estimators': 70, 'subsample': 0.8}",-548.3288661632672,-809.9054815431056,-247.5121272052037,-41.742584317399185,-1313.3342700981534,-592.1009065216302,445.05541234372555,51,-37.21717539681086,-32.73863079808194,-22.463998943625356,-29.94266084878232,-27.130728357456615,-29.898638868951416,4.991265739684542
0.5547395706176758,0.02846174999562491,0.0027922630310058595,0.00039930417653214026,0.07,3,80,0.6,"{'learning_rate': 0.07, 'max_depth': 3, 'n_estimators': 80, 'subsample': 0.6}",-487.055923081348,-831.0459866249798,-188.03484009565352,-40.57473624394334,-1383.900212843465,-586.0281537175599,481.96912383937274,47,-35.40941520318687,-30.157948471187865,-21.59397956113809,-28.007396972355885,-25.369872543159204,-28.10772255020558,4.635792867157659
0.514695405960083,0.01809389899894514,0.005784511566162109,0.005618135114677377,0.07,3,80,0.7,"{'learning_rate': 0.07, 'max_depth': 3, 'n_estimators': 80, 'subsample': 0.7}",-550.1062846736568,-1093.4222343454287,-309.57316431542745,-40.89610445471008,-1249.822855548841,-648.7666713477217,458.84682662649084,85,-35.52658912791059,-29.841527532634103,-20.665229975114112,-27.346529717047893,-25.219208410550756,-27.71981695265149,4.931671754006779
0.5386813163757325,0.0731759569416238,0.006380844116210938,0.004746309654348983,0.07,3,80,0.8,"{'learning_rate': 0.07, 'max_depth': 3, 'n_estimators': 80, 'subsample': 0.8}",-461.8520421945551,-657.9719826738758,-245.83703914665864,-41.62944335219356,-1259.676238751981,-533.3057767878347,417.5788569203869,15,-34.51232465987413,-29.83317143054149,-20.176561257679058,-27.371736713239578,-24.47099893277708,-27.272958598822264,4.841130054419643
0.6850648880004883,0.16297226048673133,0.0035985469818115234,0.001734098153707233,0.07,3,90,0.6,"{'learning_rate': 0.07, 'max_depth': 3, 'n_estimators': 90, 'subsample': 0.6}",-594.4890200112992,-194.48930318177705,-231.26545462820542,-40.61117479677114,-1363.480378992028,-484.7048716165849,475.1859881480118,6,-33.60623990045396,-28.476665720314454,-20.03764480681958,-26.129058766640693,-24.05001379930362,-26.459924598706465,4.523270655814456
0.7918489456176758,0.03966635561549374,0.0027929306030273437,0.0003984463277628012,0.07,3,90,0.7,"{'learning_rate': 0.07, 'max_depth': 3, 'n_estimators': 90, 'subsample': 0.7}",-562.332326771814,-322.4957905219685,-353.9363062612034,-40.941169783181344,-1377.3506628932225,-531.2785143791444,454.149563166061,13,-33.611027571335526,-28.185438157123805,-19.305951050736887,-25.807819924191772,-23.5115409243325,-26.0843555255441,4.768814411250103
0.7120624542236328,0.09675907700870337,0.002988862991333008,5.1432143063521685e-06,0.07,3,90,0.8,"{'learning_rate': 0.07, 'max_depth': 3, 'n_estimators': 90, 'subsample': 0.8}",-479.37890474772087,-475.91711993201443,-402.15174207313476,-42.011988747050815,-1487.321147345174,-577.2162923035395,482.49449714582465,38,-32.56404915562224,-27.95803171866169,-18.93344904631107,-25.78214840112815,-23.656504839830788,-25.77883663231079,4.519991916333958
0.7133236885070801,0.08646737886717516,0.0030941009521484376,0.0010170896523813006,0.07,3,100,0.6,"{'learning_rate': 0.07, 'max_depth': 3, 'n_estimators': 100, 'subsample': 0.6}",-502.359416771485,-565.7820343440338,-368.50693832977856,-39.82945360275223,-1330.0093061943664,-561.2051057633076,424.86998104054476,34,-32.26741942750753,-27.50251180197147,-19.028311845848936,-24.795988948170876,-22.819158155713367,-25.282678035842434,4.452800628010864
0.6504333972930908,0.06390976045689985,0.0072190284729003905,0.00405491597759655,0.07,3,100,0.7,"{'learning_rate': 0.07, 'max_depth': 3, 'n_estimators': 100, 'subsample': 0.7}",-648.0846017857656,-1262.05100509331,-289.91216086205833,-40.95660068114877,-1191.52468368205,-686.5582862746674,481.9556448938825,106,-31.95836251341408,-26.66662887452212,-18.335521103770137,-25.1941507235197,-22.533341371331346,-24.937600917311478,4.510307543793379
0.7470971584320069,0.09614929935789236,0.004586267471313477,0.0027937806020763897,0.07,3,100,0.8,"{'learning_rate': 0.07, 'max_depth': 3, 'n_estimators': 100, 'subsample': 0.8}",-520.3313637735428,-1262.7553581199827,-193.8324412209483,-40.759758580982435,-1434.2730440596226,-690.3551982233315,561.752725658743,109,-31.57286994457023,-26.68261065394416,-17.897431230480176,-23.92293956485647,-21.826732130285865,-24.38051670482738,4.599808070684719
0.8889283180236817,0.11583116978532494,0.006983757019042969,0.003513308573126653,0.07,4,60,0.6,"{'learning_rate': 0.07, 'max_depth': 4, 'n_estimators': 60, 'subsample': 0.6}",-489.769255241078,-507.36293589384434,-149.95614027820224,-40.86570505268597,-1370.6483285124916,-511.5755614618389,466.8744441065909,7,-35.03853913605362,-33.19569697294304,-22.571549379384027,-29.87608458129655,-25.978420584950484,-29.332058130925542,4.576875762167467
0.9496666431427002,0.10919941051434105,0.013557767868041993,0.009552016802620467,0.07,4,60,0.7,"{'learning_rate': 0.07, 'max_depth': 4, 'n_estimators': 60, 'subsample': 0.7}",-638.1198442028463,-737.2999021234596,-141.47152264540637,-42.562643427366645,-1411.0471276914623,-594.0011007159864,489.48827554416937,53,-34.335295368703406,-32.823035798497905,-22.06494173789384,-29.05896483052046,-25.86494487991252,-28.829436523105624,4.491382870468404
0.7328492641448975,0.18613306117567782,0.0021948814392089844,0.00039863629204211484,0.07,4,60,0.8,"{'learning_rate': 0.07, 'max_depth': 4, 'n_estimators': 60, 'subsample': 0.8}",-483.7361560272609,-962.7928655412767,-278.51093461077465,-41.87017407434212,-1324.7838297539229,-618.2902571173387,465.37880044344513,66,-34.318807854696374,-32.4302785557575,-21.61708526072576,-29.176755271173143,-25.88947429901665,-28.686480248273888,4.55585551573831
0.8027190208435059,0.12361849200480701,0.003396129608154297,0.0008062028359042108,0.07,4,70,0.6,"{'learning_rate': 0.07, 'max_depth': 4, 'n_estimators': 70, 'subsample': 0.6}",-511.8290629907224,-1145.0472124411056,-171.15894395881986,-39.80023193839641,-1269.1972895251938,-627.3863150023928,499.23256242048313,74,-30.813872582370063,-27.719795298450258,-18.567845672520267,-24.96930521304684,-22.080784890794874,-24.83032073143646,4.264969259323659
0.8402097702026368,0.1279539031604289,0.0061832904815673825,0.004342047551205704,0.07,4,70,0.7,"{'learning_rate': 0.07, 'max_depth': 4, 'n_estimators': 70, 'subsample': 0.7}",-424.2114994258097,-1520.2139200438558,-144.86851198951376,-43.304539712829985,-1280.9767238323473,-682.7304045029089,604.0200307356204,103,-30.39597202934039,-27.290129453316258,-17.898387534265506,-23.71245534145659,-21.523552270817778,-24.164099325839302,4.359906353214811
0.7723737239837647,0.1599478210424999,0.004189872741699218,0.0034217120192907248,0.07,4,70,0.8,"{'learning_rate': 0.07, 'max_depth': 4, 'n_estimators': 70, 'subsample': 0.8}",-442.8848259038035,-879.8700998670498,-156.90995742186408,-41.079734403428404,-1301.804382968084,-564.429940323023,468.4566570621396,35,-30.08595682826672,-27.539641335844863,-17.60094666250432,-23.42366719071139,-21.507516735566373,-24.031545750578736,4.405802346377079
0.8007787227630615,0.17204318568609675,0.005386066436767578,0.0053727242682340545,0.07,4,80,0.6,"{'learning_rate': 0.07, 'max_depth': 4, 'n_estimators': 80, 'subsample': 0.6}",-494.8303710436971,-723.5063565096367,-146.0037095797701,-39.838544303653094,-1466.9853412406917,-574.0990489430801,508.625063267571,37,-29.17913698372864,-25.21650787030293,-16.744735806836662,-22.051601837751303,-20.11025140881352,-22.660446781486613,4.263721266276121
0.7039137363433838,0.0693103697629669,0.003989315032958985,0.002523211393248046,0.07,4,80,0.7,"{'learning_rate': 0.07, 'max_depth': 4, 'n_estimators': 80, 'subsample': 0.7}",-439.74173945573773,-1832.7379109313765,-160.65905422534018,-41.79769955455599,-1293.4251410871502,-753.7365815592191,694.6956194827513,121,-27.98142313833309,-24.888181133294022,-16.10217698163735,-21.816131944298014,-19.40173623122738,-22.03792988575797,4.139587372366633
0.8503827571868896,0.10325209280032178,0.004587745666503907,0.003190827381714819,0.07,4,80,0.8,"{'learning_rate': 0.07, 'max_depth': 4, 'n_estimators': 80, 'subsample': 0.8}",-574.5816851711081,-579.0968753288555,-180.1727953743973,-42.416351883865104,-1301.2219036305144,-535.39611405857,437.79324095825274,20,-28.1745137637881,-24.2636973218593,-15.846412965170943,-21.248320829759617,-19.25516417295989,-21.75762181070757,4.217131454877136
0.7592332839965821,0.03897246593723663,0.0029912471771240236,1.5033610125002334e-06,0.07,4,90,0.6,"{'learning_rate': 0.07, 'max_depth': 4, 'n_estimators': 90, 'subsample': 0.6}",-372.8765636807818,-752.7580718101881,-168.3683916557417,-41.45794926223269,-1338.4168094704187,-534.6596782944757,468.2611530561635,18,-26.892393830353438,-23.62519694657331,-15.538796181795847,-20.774370362967204,-18.488511729361896,-21.06385381021034,3.9439778580900056
0.8112661838531494,0.10258451087277787,0.0042078495025634766,0.001576551986300119,0.07,4,90,0.7,"{'learning_rate': 0.07, 'max_depth': 4, 'n_estimators': 90, 'subsample': 0.7}",-460.8279244253387,-2053.828401501108,-318.2591641426661,-41.93231525570984,-1316.374517881118,-838.3632779705928,742.1103666290757,129,-26.210633885927738,-22.915727214225278,-14.928261162139249,-19.84255508796504,-17.979938005322964,-20.375423071116053,3.9037597324452773
1.1266251087188721,0.09799795842982595,0.004389333724975586,0.0038160511040364314,0.07,4,90,0.8,"{'learning_rate': 0.07, 'max_depth': 4, 'n_estimators': 90, 'subsample': 0.8}",-431.8510480163883,-983.4908437050066,-154.71348811366198,-43.227021555022745,-1302.8064917863605,-583.1507144246566,484.87347394388246,42,-25.659612352530836,-22.378336747561157,-14.731658016581004,-19.747961990886598,-17.862500640915922,-20.076013949695103,3.7429042463134437
1.0639031410217286,0.19861240486113832,0.0035904884338378907,0.000796347885943606,0.07,4,100,0.6,"{'learning_rate': 0.07, 'max_depth': 4, 'n_estimators': 100, 'subsample': 0.6}",-656.6039155529714,-809.2264425780983,-283.45863790800627,-40.83945524361899,-1243.2678463413138,-606.6528410100387,417.7815197575903,60,-25.76685314098994,-22.12418832253699,-14.230603735664136,-19.530856422622655,-17.206218898532097,-19.771744104069164,3.970378047573263
1.0209397315979003,0.1444260363253468,0.00287017822265625,0.0002470577297833834,0.07,4,100,0.7,"{'learning_rate': 0.07, 'max_depth': 4, 'n_estimators': 100, 'subsample': 0.7}",-548.4741878736316,-1993.8481574246987,-187.72177226456367,-39.51385386797166,-1467.9130198318915,-847.5642361624862,758.525215205951,130,-25.003249502008444,-21.51987593758044,-14.125688867976121,-18.36782198436459,-17.078890592602924,-19.219105376906505,3.741602942687238
1.033000373840332,0.07501321714124794,0.0045242786407470705,0.0016929585891196242,0.07,4,100,0.8,"{'learning_rate': 0.07, 'max_depth': 4, 'n_estimators': 100, 'subsample': 0.8}",-429.4649224400419,-1059.7832531813729,-411.2390464156967,-43.03435279628118,-1307.527993136345,-650.1911897258576,463.3837022186809,87,-24.925814788124374,-21.034081238724195,-13.9328413946853,-18.837836857547366,-16.873416638165423,-19.12079818344933,3.7257095000624125
0.6596923351287842,0.038571303931010235,0.004798364639282226,0.002286744993601092,0.07,5,60,0.6,"{'learning_rate': 0.07, 'max_depth': 5, 'n_estimators': 60, 'subsample': 0.6}",-495.41571864327017,-936.6844239802516,-218.40239213104377,-42.83511176277463,-1380.002507332989,-614.595774773966,487.2072882176082,64,-27.5434133601714,-27.395725207900878,-17.46618183685538,-22.381417069341076,-19.539114050352985,-22.865170304924344,4.070813915980542
0.7914505004882812,0.13780788936117153,0.003204536437988281,0.00039252316744070066,0.07,5,60,0.7,"{'learning_rate': 0.07, 'max_depth': 5, 'n_estimators': 60, 'subsample': 0.7}",-425.84569054759794,-453.4471705034615,-263.374484151133,-44.04556429651596,-1480.1413434700148,-533.2000346092117,495.06694764800164,14,-26.463726270966447,-27.109156121507993,-16.81192502640353,-21.798636249395393,-19.325296390586832,-22.301748011772037,3.9920866191238926
0.7941492557525635,0.07815741625226473,0.0048007011413574215,0.004154318664233244,0.07,5,60,0.8,"{'learning_rate': 0.07, 'max_depth': 5, 'n_estimators': 60, 'subsample': 0.8}",-532.0525432430999,-798.5038063468243,-249.51590344745398,-42.37828425050828,-1534.3451070086594,-631.24187526202,518.5982104310003,75,-26.55959015694105,-26.945935133384925,-16.880217887465673,-21.64436628366477,-19.107679523571342,-22.227557797005552,3.99242748077969
0.7670773506164551,0.05511438679629171,0.004093456268310547,0.0010247505822440085,0.07,5,70,0.6,"{'learning_rate': 0.07, 'max_depth': 5, 'n_estimators': 70, 'subsample': 0.6}",-361.97223664783843,-1180.4241555592012,-171.60980108112886,-40.483659346764796,-1497.2940754088372,-650.2682627694942,579.9666549455192,88,-23.253538839837685,-22.251306195479934,-13.573615223998575,-17.726502474677872,-15.840375416356595,-18.52906763007013,3.7041968993918366
0.983272647857666,0.07001543698008124,0.005988979339599609,0.0025211017949441773,0.07,5,70,0.7,"{'learning_rate': 0.07, 'max_depth': 5, 'n_estimators': 70, 'subsample': 0.7}",-423.7145683557769,-1755.1126112172694,-265.1828933792852,-40.09637131878593,-1520.2558755110833,-800.887920521445,697.975770997886,126,-22.879930124409398,-22.026650465588588,-13.157507224847267,-17.216662404484403,-15.345453658510392,-18.12524077556801,3.7698587792353493
0.8343048095703125,0.050343321395444965,0.003005313873291016,0.0006402855902783915,0.07,5,70,0.8,"{'learning_rate': 0.07, 'max_depth': 5, 'n_estimators': 70, 'subsample': 0.8}",-474.28789967221127,-1068.9648554312362,-279.51776164442896,-44.377267804290355,-1557.8906531031403,-684.9209614123738,552.7264690046567,104,-22.55074163364136,-21.740181462139184,-13.124006174621568,-16.842328042893925,-15.018590982504923,-17.85516965916019,3.7039883240298397
0.9422897815704345,0.09881543013185343,0.004393291473388672,0.002862127283269013,0.07,5,80,0.6,"{'learning_rate': 0.07, 'max_depth': 5, 'n_estimators': 80, 'subsample': 0.6}",-430.4154273464097,-1611.502549092294,-142.02357036018597,-40.863650970773456,-1448.023566325108,-734.5583757795001,663.7277717411499,118,-21.4702183777664,-19.909782229302543,-11.862779861151463,-15.676215910130006,-14.188284970854985,-16.62145626984108,3.571621051158033
1.1475046634674073,0.1091195422241029,0.0037875652313232424,0.0015969059465129902,0.07,5,80,0.7,"{'learning_rate': 0.07, 'max_depth': 5, 'n_estimators': 80, 'subsample': 0.7}",-414.1495163209163,-1244.1352984389775,-228.54336406277363,-46.014333601688186,-1477.223397972867,-681.953730485936,570.876959761585,102,-20.79330763295007,-19.163564659079423,-11.666124564291506,-15.193622345483242,-13.738320914015755,-16.110988023164,3.3902879291223753
1.1177904605865479,0.12240457796287853,0.0029940128326416014,2.4285948902600944e-06,0.07,5,80,0.8,"{'learning_rate': 0.07, 'max_depth': 5, 'n_estimators': 80, 'subsample': 0.8}",-381.5709609076414,-1465.547085986973,-200.17609416475986,-42.64332294899657,-1488.0185169011033,-715.5540492634907,630.6639273371642,113,-20.820000768040646,-18.489773656150504,-11.315268911722038,-14.147062436501677,-13.19368973226751,-15.593159100936475,3.517363870272773
1.0557814598083497,0.10944829016680621,0.0036045074462890624,0.0007945282260707985,0.07,5,90,0.6,"{'learning_rate': 0.07, 'max_depth': 5, 'n_estimators': 90, 'subsample': 0.6}",-440.0557132949514,-2197.688778714097,-170.3134998113744,-41.91270247532243,-1451.0524073075574,-860.2895509147077,831.9523465895146,131,-20.105873217463117,-18.143489014975234,-10.797384807700233,-14.145182413930659,-12.535568156700286,-15.145499522153903,3.4730887064863145
1.2059102058410645,0.1117001031139871,0.004015350341796875,0.0006716433862164386,0.07,5,90,0.7,"{'learning_rate': 0.07, 'max_depth': 5, 'n_estimators': 90, 'subsample': 0.7}",-591.7781606438771,-2253.5522958213896,-151.82688419952345,-42.891655702313464,-1435.5511197709106,-895.236452380322,837.7251075766538,134,-19.264839339798577,-17.212979245870557,-10.137350072870042,-13.565861922111763,-12.253475958606973,-14.486901307851582,3.3170858007516517
1.2402716159820557,0.13811910570983496,0.005804538726806641,0.002636951973039912,0.07,5,90,0.8,"{'learning_rate': 0.07, 'max_depth': 5, 'n_estimators': 90, 'subsample': 0.8}",-367.4367907374252,-1043.3148014148012,-286.6040323613553,-43.18269522907342,-1432.9970838736876,-634.6298717547636,518.8256121715889,77,-18.820455279772663,-16.972688943429713,-10.416652550747274,-13.088866317236054,-12.046389979353851,-14.26901061410791,3.136844616772271
1.1301023960113525,0.06833440538562092,0.0037897586822509765,0.0003994032441468959,0.07,5,100,0.6,"{'learning_rate': 0.07, 'max_depth': 5, 'n_estimators': 100, 'subsample': 0.6}",-379.49735441567844,-793.0020809721192,-215.94098904730865,-42.291314643129084,-1292.9644337578393,-544.647458137317,449.12795968338787,27,-18.843306096612338,-16.76815844635078,-9.88076016973878,-12.958943975537592,-12.047715210255966,-14.09977677969909,3.2537328847431732
1.2269061088562012,0.14819518613620103,0.003694581985473633,0.0006057255945455229,0.07,5,100,0.7,"{'learning_rate': 0.07, 'max_depth': 5, 'n_estimators': 100, 'subsample': 0.7}",-474.7574759536652,-469.75119576887136,-205.64938177642392,-45.54775916072884,-1475.5235788001048,-534.0768791951041,497.86139043201325,16,-18.08997129860572,-16.147244482436623,-9.662284995049108,-12.492329996846689,-11.1493732224604,-13.508240799079706,3.1414742354421596
1.2210363388061523,0.08554269010811826,0.003698110580444336,0.0007450664901256441,0.07,5,100,0.8,"{'learning_rate': 0.07, 'max_depth': 5, 'n_estimators': 100, 'subsample': 0.8}",-402.0318830503029,-955.42068712158,-219.01806982380307,-48.981177606117924,-1539.9957788929516,-632.9689823617215,546.1398276779822,76,-17.477045526527398,-15.761918661010359,-9.176851684751478,-11.719645800511149,-10.592738082327346,-12.945639951025546,3.15303143399577
0.3866435527801514,0.04809255839605903,0.0026003837585449217,0.0004966331546416603,0.1,3,60,0.6,"{'learning_rate': 0.1, 'max_depth': 3, 'n_estimators': 60, 'subsample': 0.6}",-607.9859682560971,-470.5590940843329,-285.24924493511975,-41.037444725303665,-1383.112201921422,-557.4734166003334,454.2240871730618,32,-35.47279869786722,-31.496674114799866,-20.74700091887667,-28.433496019628787,-24.94482639028426,-28.218959228291357,5.098190557070245
0.4508231163024902,0.05010452838141891,0.003193521499633789,0.0007484271831976299,0.1,3,60,0.7,"{'learning_rate': 0.1, 'max_depth': 3, 'n_estimators': 60, 'subsample': 0.7}",-705.5721025252107,-541.3275544523341,-337.92814720661346,-41.847305497063516,-1291.8537775385369,-583.6436827732467,417.4458035402703,44,-34.102530220923185,-29.733632930566188,-20.363364950618646,-26.08177490887867,-24.827083342368788,-27.0216772706711,4.63736916614447
0.48942179679870607,0.07558305790268693,0.003202390670776367,0.001182751287619161,0.1,3,60,0.8,"{'learning_rate': 0.1, 'max_depth': 3, 'n_estimators': 60, 'subsample': 0.8}",-598.3055061106938,-1073.5146797661737,-241.2979501183552,-41.79458900760327,-1322.5206462992392,-655.4667557067214,483.8310499667643,92,-33.76234892097179,-29.262849818868826,-19.75119203268327,-26.239008146328384,-24.36275310451205,-26.675630404672866,4.699003528324051
0.5215726852416992,0.015779926573869566,0.0026013851165771484,0.0007940012098512035,0.1,3,70,0.6,"{'learning_rate': 0.1, 'max_depth': 3, 'n_estimators': 70, 'subsample': 0.6}",-517.7509583421232,-1434.393142562133,-307.0011244389669,-41.90898671355346,-1405.5291332248682,-741.3298114081492,574.2491880082192,120,-33.78241068349026,-28.29946777420444,-19.948430263989632,-25.67726550184764,-23.147907971391085,-26.171096438984613,4.702492549695124
0.454769229888916,0.07361630080841274,0.0027927398681640626,0.0007468374153619263,0.1,3,70,0.7,"{'learning_rate': 0.1, 'max_depth': 3, 'n_estimators': 70, 'subsample': 0.7}",-420.77966309469866,-489.25489310491446,-376.6511346160315,-41.76688092623917,-1361.5430143102233,-537.8768947829324,439.45792275050616,22,-32.40371204361559,-27.98908795831728,-18.906966075052946,-25.43566257052491,-22.789908305083525,-25.505067390518853,4.575445401015275
0.721105432510376,0.15365704043149817,0.002594757080078125,0.0013584485865688865,0.1,3,70,0.8,"{'learning_rate': 0.1, 'max_depth': 3, 'n_estimators': 70, 'subsample': 0.8}",-494.37181674751304,-760.2031013482405,-228.19975792098086,-43.39553422967509,-1386.4293307175546,-582.4210340148385,469.2298227433784,41,-32.21078104860923,-27.138138752755772,-18.481366926635907,-24.909022439633752,-22.973083064153222,-25.14247844635758,4.5403688494461445
1.0321861267089845,0.14068827243125523,0.006983566284179688,0.004180984846599479,0.1,3,80,0.6,"{'learning_rate': 0.1, 'max_depth': 3, 'n_estimators': 80, 'subsample': 0.6}",-727.9615989943176,-1934.7577396650097,-385.86677507227097,-41.10763675225587,-1266.8265017227177,-871.4663633473666,668.2638278157998,133,-31.995795944445092,-27.008022728467058,-18.637225090994313,-23.82376278383772,-22.21667415542443,-24.73629614063372,4.5219676875353985
0.7035104274749756,0.14165004814001916,0.0035945892333984373,0.0022358048726689485,0.1,3,80,0.7,"{'learning_rate': 0.1, 'max_depth': 3, 'n_estimators': 80, 'subsample': 0.7}",-535.9260346919189,-419.7356053714503,-365.58339203528163,-40.65055133999738,-1365.3086333476206,-545.3231893251502,441.4147650736603,29,-31.484886100789083,-26.29590838159801,-18.02759364482485,-24.15985309114658,-21.4297618701899,-24.279600617709683,4.543239976874978
0.8900124549865722,0.14901608296296903,0.003499937057495117,0.0009961483676498117,0.1,3,80,0.8,"{'learning_rate': 0.1, 'max_depth': 3, 'n_estimators': 80, 'subsample': 0.8}",-707.290365464236,-465.47564619864994,-467.7408343997307,-41.42360274211089,-1412.7590841757485,-618.8571347985876,450.96632298532523,67,-30.483821823187753,-26.226905592291793,-17.29828436555809,-23.2047048909355,-21.646759734153594,-23.772095281225344,4.423179346394477
1.0936940670013429,0.09247019566756691,0.0035918712615966796,0.001352256515242462,0.1,3,90,0.6,"{'learning_rate': 0.1, 'max_depth': 3, 'n_estimators': 90, 'subsample': 0.6}",-533.60774708035,-650.8337069543745,-204.89068166545078,-39.88032363781583,-1422.7638113000728,-570.275069800995,479.24354391480887,36,-30.802291696301285,-26.83426243175889,-17.913677772387235,-23.905399869334644,-20.965126793489787,-24.084151712654368,4.484005600410968
0.8628181457519531,0.06889387703613742,0.004787588119506836,0.0030535390788836237,0.1,3,90,0.7,"{'learning_rate': 0.1, 'max_depth': 3, 'n_estimators': 90, 'subsample': 0.7}",-509.4883003734321,-1156.0776864353334,-284.167964027097,-39.610091642643596,-1457.8315798697647,-689.3908483596568,534.089558634556,107,-30.115914230573107,-25.818310667458462,-17.539827564014434,-22.721477100629713,-20.300470746940075,-23.29920006192316,4.366005570179804
1.0475992202758788,0.14047917072653496,0.0027928829193115236,0.0009774867425535116,0.1,3,90,0.8,"{'learning_rate': 0.1, 'max_depth': 3, 'n_estimators': 90, 'subsample': 0.8}",-618.9169162754154,-928.5743779976906,-145.02061290815982,-41.54250626483077,-1397.7569869790889,-626.2926105805285,501.8631029557056,72,-29.159225145123248,-24.22103948555007,-16.721964970595238,-21.873667245008342,-20.661401995068072,-22.527459768268994,4.110034316028051
0.9255431175231934,0.10199021530517847,0.0031925201416015624,0.0009723478855577097,0.1,3,100,0.6,"{'learning_rate': 0.1, 'max_depth': 3, 'n_estimators': 100, 'subsample': 0.6}",-576.4829725202355,-388.5308865396383,-151.19782622426087,-41.95903076755528,-1568.25801043148,-545.0917028953622,543.9373962698128,28,-30.169812731215806,-24.31049418077398,-17.44279870472884,-22.593178389079053,-20.256479548165807,-22.9545527107927,4.282246533000489
0.6271708488464356,0.10344860785342357,0.0049878120422363285,0.00309037502119186,0.1,3,100,0.7,"{'learning_rate': 0.1, 'max_depth': 3, 'n_estimators': 100, 'subsample': 0.7}",-522.0881747010844,-576.0349213056136,-215.19717895161142,-39.808012600541026,-1545.028974894686,-579.4725375980584,521.2042340215862,40,-29.55419751203261,-23.816258745667977,-16.321756504350446,-21.468872818584106,-19.904820778642446,-22.213181271855515,4.405718689544286
0.7561028957366943,0.18565378459150877,0.0027924537658691405,0.0003954671789933597,0.1,3,100,0.8,"{'learning_rate': 0.1, 'max_depth': 3, 'n_estimators': 100, 'subsample': 0.8}",-491.29574314581953,-1511.7320883594593,-314.53047034431575,-42.146085052269555,-1332.594989048259,-738.4980300355361,579.015267157702,119,-28.46298491087271,-22.878581799690952,-15.785468246102745,-20.628547299669304,-19.40714575992486,-21.432545603252116,4.198957918691048
0.6517961025238037,0.06135857659627989,0.0027923107147216795,0.00039957060120349137,0.1,4,60,0.6,"{'learning_rate': 0.1, 'max_depth': 4, 'n_estimators': 60, 'subsample': 0.6}",-472.54496724135527,-416.26857347891723,-200.96946362945408,-41.304761464103024,-1287.8923120733741,-483.66098755563996,430.3873272150466,4,-27.755956395140384,-24.904703676187424,-16.003185438099322,-21.47545090860681,-19.255842166741452,-21.87902771695508,4.129467395580897
0.5858609199523925,0.10022631860085529,0.0027927875518798826,0.0009765421317628822,0.1,4,60,0.7,"{'learning_rate': 0.1, 'max_depth': 4, 'n_estimators': 60, 'subsample': 0.7}",-430.45024865127624,-1336.7737085254844,-236.88866987650306,-43.433419248048665,-1439.4406504327737,-697.364449357651,577.9012336450438,110,-27.231816033528204,-24.271752648754344,-15.990161856188916,-20.81787163754569,-18.664121939686567,-21.395144823140747,3.9836459329198433
0.9451591491699218,0.11646989657312114,0.002991342544555664,0.0008873633779663336,0.1,4,60,0.8,"{'learning_rate': 0.1, 'max_depth': 4, 'n_estimators': 60, 'subsample': 0.8}",-598.6832743111295,-1041.4267097994361,-335.4108175182418,-42.53652467830431,-1247.5270358150744,-653.1229105814034,442.76252120757147,90,-27.14509475316955,-23.830467513655105,-15.131565891237416,-20.445845863044006,-18.423688263244873,-20.99533245687019,4.1750835872549965
1.0809496879577636,0.09735433492248888,0.003590822219848633,0.0016270019730704015,0.1,4,70,0.6,"{'learning_rate': 0.1, 'max_depth': 4, 'n_estimators': 70, 'subsample': 0.6}",-506.125439200041,-1303.2644508674987,-150.8998286220146,-42.155268251218374,-1330.444553084068,-666.5631791008137,552.675538695474,97,-26.444457588110556,-22.85252773005007,-14.358300478106875,-19.844894054194807,-17.492495121052656,-20.198534994302992,4.1859593739916745
0.7848697185516358,0.12296299939243928,0.0022993564605712892,0.00061092406483386,0.1,4,70,0.7,"{'learning_rate': 0.1, 'max_depth': 4, 'n_estimators': 70, 'subsample': 0.7}",-411.0267403334721,-1370.280549354296,-137.24527414461156,-41.04213038589509,-1407.9569976830642,-673.4722583013626,596.820061029601,99,-25.591375400083283,-21.169365502204297,-14.543575903211526,-18.9713113863811,-17.0829740404954,-19.47172044647512,3.757001537004386
0.7902778148651123,0.11042659211105377,0.005633306503295898,0.0029575121558708473,0.1,4,70,0.8,"{'learning_rate': 0.1, 'max_depth': 4, 'n_estimators': 70, 'subsample': 0.8}",-336.9676310150281,-339.3369258493964,-218.8069535496578,-40.15362759185056,-1333.6170179142741,-453.6023394054237,453.0246862153192,1,-24.636593678504465,-21.086427084076277,-14.071825842562676,-18.653448618427895,-17.291738544481777,-19.148006753610616,3.559213167672417
0.6963350296020507,0.0658346473814022,0.005619621276855469,0.002573876308654687,0.1,4,80,0.6,"{'learning_rate': 0.1, 'max_depth': 4, 'n_estimators': 80, 'subsample': 0.6}",-427.8592173410986,-2281.1328818527995,-212.1832455170707,-42.83990751607727,-1349.4112730469549,-862.8096961786041,840.738988588886,132,-24.64495226867879,-20.967391201449193,-13.597038405714459,-18.243329624142675,-16.553416082629717,-18.801225516522965,3.7759468929144977
0.7691940307617188,0.06837293830098448,0.002992677688598633,0.0010991544300646859,0.1,4,80,0.7,"{'learning_rate': 0.1, 'max_depth': 4, 'n_estimators': 80, 'subsample': 0.7}",-597.9753060702908,-635.4353172884109,-385.82752960972863,-42.21225075879187,-1334.2463843152918,-599.0728229110207,423.42719706476896,57,-23.523835415015967,-20.033384463168165,-13.280197374615973,-17.40204808383337,-16.13561711681635,-18.075016490689965,3.485090516746978
0.9241848468780518,0.07946137921535751,0.0033908367156982424,0.0004886833087192949,0.1,4,80,0.8,"{'learning_rate': 0.1, 'max_depth': 4, 'n_estimators': 80, 'subsample': 0.8}",-548.4120412779209,-951.5403388498105,-232.68280018830646,-43.515034273229666,-1488.9528203141797,-652.9360563307171,518.8503127236927,89,-23.246112739451178,-19.563378900683883,-12.777706410062413,-16.97051807470664,-16.036498378043756,-17.718842900589575,3.5144879536804448
0.8410944938659668,0.12576329939782427,0.0041964054107666016,0.001947977934364456,0.1,4,90,0.6,"{'learning_rate': 0.1, 'max_depth': 4, 'n_estimators': 90, 'subsample': 0.6}",-517.4753409537071,-1217.091516128424,-217.25488195498005,-42.33561387400929,-1660.8397119362332,-730.9093545303851,613.7719538378062,117,-23.041339126584237,-19.417263186384552,-12.65010204683686,-16.790865014327363,-15.304164013820722,-17.44074667759075,3.5555832411236556
0.7371026039123535,0.05404089049947144,0.003795766830444336,0.0009847493704411628,0.1,4,90,0.7,"{'learning_rate': 0.1, 'max_depth': 4, 'n_estimators': 90, 'subsample': 0.7}",-588.7577550056135,-980.1193011303803,-323.4307823637004,-42.74929853273584,-1493.4296186956055,-685.6358185784162,508.3518532991681,105,-23.154067910806187,-19.122382826195956,-12.352608221790359,-16.7657060040678,-15.243989285478921,-17.327750849667844,3.649018368292198
0.9487220764160156,0.12307401392718346,0.004993581771850586,0.0016728442109768338,0.1,4,90,0.8,"{'learning_rate': 0.1, 'max_depth': 4, 'n_estimators': 90, 'subsample': 0.8}",-509.9523085239883,-616.754498395899,-232.05412911600797,-42.2454303873279,-1528.2700142635626,-585.7063572081651,512.7028158885607,46,-21.722523873355964,-18.4929208860641,-12.125895489085062,-15.616154074300143,-14.893142063457903,-16.570127277252634,3.2777390503766504
0.9177769660949707,0.0702146281381629,0.0049855709075927734,0.0018934010821386109,0.1,4,100,0.6,"{'learning_rate': 0.1, 'max_depth': 4, 'n_estimators': 100, 'subsample': 0.6}",-375.1950761433255,-1627.4375160603583,-214.46326932696118,-41.097482435119886,-1539.962606638839,-759.6081140533956,681.6053218422397,122,-22.0663884046871,-18.123851690488337,-12.205374614670372,-16.051242727561508,-14.367841566590284,-16.56293980079952,3.370253906368411
1.0025957107543946,0.07851514162501001,0.008900928497314452,0.007006942227208803,0.1,4,100,0.7,"{'learning_rate': 0.1, 'max_depth': 4, 'n_estimators': 100, 'subsample': 0.7}",-462.28948993119957,-358.9136994434011,-178.92345520447253,-43.34126474474362,-1345.8194456593321,-477.6956167141761,457.15112555249226,3,-21.678509812291807,-17.714200622661274,-11.379137117834597,-14.765225101631568,-14.245990676459844,-15.956612666175818,3.4965164576139296
1.0177627086639405,0.05815866363193287,0.005805397033691406,0.005618742364209532,0.1,4,100,0.8,"{'learning_rate': 0.1, 'max_depth': 4, 'n_estimators': 100, 'subsample': 0.8}",-421.63291802181567,-2224.031582346895,-272.004026174884,-44.98020878838396,-1576.065993456305,-907.8155520643298,844.3383179654799,135,-20.723263401880246,-17.360488152365004,-11.507258409974023,-14.370415790117923,-14.077122462326315,-15.607709643332702,3.160013173179259
0.8122068881988526,0.0629038270063086,0.0027924060821533205,0.0011627534277292098,0.1,5,60,0.6,"{'learning_rate': 0.1, 'max_depth': 5, 'n_estimators': 60, 'subsample': 0.6}",-514.7371748779102,-660.824474774619,-287.67858597022814,-42.67473231538923,-1541.5293165029375,-609.3524766286791,510.6673302486878,61,-20.97905121174698,-19.613307203920094,-11.65860990061159,-14.652223671850933,-13.219221676653321,-16.024482732956585,3.639803291591903
0.901499605178833,0.09041491043408847,0.005580902099609375,0.0047059682448064,0.1,5,60,0.7,"{'learning_rate': 0.1, 'max_depth': 5, 'n_estimators': 60, 'subsample': 0.7}",-446.8922590358478,-1143.7231788193649,-411.01073651782787,-46.73719087482016,-1514.3849053581962,-712.4988614445905,535.294082175828,112,-20.920233701241916,-18.051765656587424,-11.067514828317584,-14.084230846099038,-12.945579892746398,-15.413864984998472,3.578539766911486
0.9147276401519775,0.09863679175481743,0.004002189636230469,0.0021237797274446858,0.1,5,60,0.8,"{'learning_rate': 0.1, 'max_depth': 5, 'n_estimators': 60, 'subsample': 0.8}",-463.83730072262387,-1559.4530288146545,-285.9445929488495,-42.63280404470544,-1447.813028803166,-759.9471392928215,622.715449072595,123,-19.699578207025823,-18.265027861710145,-10.756982771182091,-13.43290699768188,-12.794320090598529,-14.989763185639694,3.4079295134891403
0.7860202312469482,0.04604975425673121,0.004604196548461914,0.0032541432411598496,0.1,5,70,0.6,"{'learning_rate': 0.1, 'max_depth': 5, 'n_estimators': 70, 'subsample': 0.6}",-400.43202602531625,-1153.5673535028372,-267.8316755175563,-41.9083612413375,-1583.7781611650057,-689.4114021627685,582.2064299394825,108,-18.590815402073694,-17.433135410127285,-10.276948280927188,-13.240393742532698,-11.81209275477875,-14.270677118087923,3.216231589045513
0.8661832809448242,0.13406968536847977,0.0031874656677246095,0.0004011377225452477,0.1,5,70,0.7,"{'learning_rate': 0.1, 'max_depth': 5, 'n_estimators': 70, 'subsample': 0.7}",-503.18493552054457,-1035.4628444115822,-168.08146263357878,-44.28615083380975,-1651.3802435077753,-680.3541430126834,594.3387426993796,101,-18.698263029295504,-15.649289070676167,-9.472668491979856,-12.285848363994978,-11.456108962791122,-13.512435583747527,3.2714419650986026
1.2050704956054688,0.18552617350820488,0.0033908843994140624,0.002326352542955737,0.1,5,70,0.8,"{'learning_rate': 0.1, 'max_depth': 5, 'n_estimators': 70, 'subsample': 0.8}",-364.51318741184815,-1157.240134490481,-183.00755341870428,-42.75215873930793,-1434.2222606905632,-636.2707780310138,554.7978202565173,80,-17.36801838524088,-15.467255590349634,-9.302720443021721,-12.205495542436443,-11.089351423849266,-13.086568276979587,2.9353417472622327
1.206207513809204,0.018348023879837264,0.0033880233764648437,0.0010183229743283052,0.1,5,80,0.6,"{'learning_rate': 0.1, 'max_depth': 5, 'n_estimators': 80, 'subsample': 0.6}",-511.4129644769503,-611.8960614068759,-223.03400192093554,-41.74929573139352,-1594.6117792668645,-596.375294259679,538.4381243498011,55,-17.216949193762417,-15.110266579968412,-9.50528945594012,-11.62012921079485,-11.056030904291388,-12.901733068951438,2.831383570601188
1.038109302520752,0.13665163307492345,0.005983209609985352,0.004675365655601848,0.1,5,80,0.7,"{'learning_rate': 0.1, 'max_depth': 5, 'n_estimators': 80, 'subsample': 0.7}",-414.0905979697566,-879.2377785189544,-290.19807405438854,-41.33538786216221,-1443.5064984905428,-613.5775155675126,496.0261947242043,63,-16.338573300348596,-14.889592476678104,-8.594940730330054,-11.380679368663408,-10.11104710690954,-12.26296659658594,2.911128149561666
0.9708377838134765,0.10023609322209451,0.00438838005065918,0.001955211778873581,0.1,5,80,0.8,"{'learning_rate': 0.1, 'max_depth': 5, 'n_estimators': 80, 'subsample': 0.8}",-398.7794638919342,-931.4985963712711,-193.86234521591786,-43.24156286219971,-1539.398924408203,-621.2292449688108,548.529922050312,68,-16.182543650540463,-14.08141938941443,-8.509732912684385,-10.935927457554383,-10.053675362156097,-11.952659754469952,2.789880530823353
1.161838960647583,0.11492995395517992,0.0035875797271728515,0.000485297784370515,0.1,5,90,0.6,"{'learning_rate': 0.1, 'max_depth': 5, 'n_estimators': 90, 'subsample': 0.6}",-511.061936877578,-1058.6483409877526,-209.590836480586,-42.127468829918755,-1483.862302813001,-660.9820482144785,537.3231665715707,96,-15.748195398443187,-14.01724909933495,-8.438349729448275,-10.773817148555054,-9.133106573699381,-11.622143589896169,2.8217845521251306
1.1080710887908936,0.06890980778718803,0.004787063598632813,0.0027053393239286454,0.1,5,90,0.7,"{'learning_rate': 0.1, 'max_depth': 5, 'n_estimators': 90, 'subsample': 0.7}",-572.0029213168336,-1139.8055574505884,-160.0956487669298,-43.55599037982209,-1455.0234856118725,-674.0405646056644,547.3886523743405,100,-15.320648933951716,-12.676881828881477,-7.732593809627559,-10.326907928935887,-9.244750920031802,-11.060356684285688,2.6710155639211055
1.2803062438964843,0.10473204452338124,0.005440139770507812,0.0016138082347486136,0.1,5,90,0.8,"{'learning_rate': 0.1, 'max_depth': 5, 'n_estimators': 90, 'subsample': 0.8}",-381.53674643582303,-660.6156390509127,-214.15141663286332,-49.85109033412382,-1630.174304777111,-587.0770815237549,558.9256022813862,48,-15.04920632418899,-12.461172291302866,-7.65012411833936,-9.680176800813815,-9.080669976827485,-10.784269902294504,2.643703023523497
1.2281822204589843,0.09558258908176971,0.005599355697631836,0.0030702154677865754,0.1,5,100,0.6,"{'learning_rate': 0.1, 'max_depth': 5, 'n_estimators': 100, 'subsample': 0.6}",-332.97324631645427,-1818.9784843362495,-231.1395984764732,-46.603121229914,-1588.853059762447,-803.6990325781001,744.2725214974728,127,-14.475798516751565,-12.420876476035076,-7.483196905684099,-9.799054147492022,-9.065650851959518,-10.648915379584455,2.4914110382316106
1.462556791305542,0.06084441290368795,0.008174800872802734,0.004343451147661975,0.1,5,100,0.7,"{'learning_rate': 0.1, 'max_depth': 5, 'n_estimators': 100, 'subsample': 0.7}",-412.5370855438249,-1959.1871143032045,-224.0149141921964,-49.56502153819876,-1463.5921157779405,-821.8279438346375,751.9262185866874,128,-14.479988818035523,-12.4415249195532,-7.153342876015677,-9.052024535508108,-8.45641324160958,-10.316658878144418,2.717158584274084
1.2685393810272216,0.1398431128786129,0.003984594345092773,0.002081670653170738,0.1,5,100,0.8,"{'learning_rate': 0.1, 'max_depth': 5, 'n_estimators': 100, 'subsample': 0.8}",-415.1995731971948,-1010.121419642936,-163.62251774030605,-47.98557448751859,-1560.0815986310654,-639.2791856943826,567.5311096255315,83,-13.857668802191265,-11.769573551792359,-6.928721255286649,-8.962722207409218,-8.088872077345522,-9.921511578805003,2.5354804382907012
